	0	1	2	3	4	5	6	7	8	9	10	11	12	13	14	15	16	17	18	19	20	21	22	23	24	25	26	27	28	29	30	31	32	33	34	35	36	37	38	39	40	41	42	43	44	45	46	47	48	49	50	51	52	53	54	55	56	57	58	59	60	61	62	63
0	-1.8776007	-0.15777369	3.32733	0.9388916	0.9187976	-3.573519	3.3826208	1.6354581	-1.1436815	0.9388811	-1.9426087	-1.3654245	-0.2945237	-0.959779	-2.0505905	0.89918417	-2.4499683	-2.093287	2.575727	-0.21565682	-1.3673378	-1.2430009	1.8997474	0.36087584	1.7794902	-1.953883	1.0162834	0.5572801	1.1578137	0.56867075	3.3981884	1.4498781	-1.1321876	0.6342618	1.7200755	2.102016	-1.9442071	4.564302	-3.041356	-1.8174168	-2.8274775	-0.35270962	1.9861774	-3.6237555	1.0286942	3.1440113	0.8521545	1.3326513	0.1350736	-0.18280467	2.555052	1.5639081	-1.3285099	-4.196223	-0.9965186	-1.0938383	-1.3304534	1.30568	-1.6268771	-2.0658958	0.4121872	0.335403	-3.2670076	1.4229014
1	-1.8615757	0.58823705	1.68473	3.889949	-0.9051371	-1.7211403	1.5413839	0.16057701	-2.1981757	1.1580209	-0.53098696	1.375702	-0.12560189	-3.33774	-4.453657	1.3426113	-0.48184323	-0.20190397	-0.11893146	-0.17202017	1.7562184	2.8474715	1.1289241	-1.2094152	2.383207	0.76010174	1.1461581	0.8123687	0.9033541	0.9910428	1.2031091	0.32363057	-1.1536885	0.8201542	-0.17153223	-0.9122096	1.4823164	2.815416	-3.4776018	0.45376426	0.9615315	-1.2986723	1.0913367	-2.6035385	0.9232725	3.0095966	-0.39775825	1.7759278	1.6726128	-0.56317145	2.6755877	1.4538591	-2.37069	-1.6540483	-1.2604712	0.9079285	-3.041174	0.37002242	-1.9533511	-1.7522644	-0.82500476	-1.591405	-4.6817927	0.94648045
2	-0.17318161	-4.398839	-0.79360634	0.835318	0.2989222	-2.360556	-0.584451	-0.12160778	-0.43922386	0.046480242	-1.0703336	-0.86655056	0.27129307	2.4388943	0.69882095	-3.466083	-0.21171181	-2.3048394	1.7946179	1.9465814	-0.13914165	-0.8265101	-2.1222272	0.62056094	0.33897588	-1.7822161	-0.5994136	-0.547624	1.0514365	-1.3018461	1.9410352	-0.47940245	2.3900034	-0.53475034	1.3023236	-2.8079898	-1.3191272	-0.77245075	1.0171075	1.7011993	-1.9366233	-2.1286907	-1.2604043	-2.7859411	-0.15901321	-3.2045028	-0.12614362	-1.0644485	-0.6799041	1.074615	-0.57964903	-1.2947452	-1.6202136	-2.2677104	-0.45224243	-0.1067127	2.2461662	-0.5236174	-0.59150654	0.9527447	-2.4931564	-1.1295902	2.2635014	0.19417782
3	1.3010792	-2.9505348	-0.39687222	-0.84583986	-1.2862093	2.4332433	-2.310936	-0.49228188	2.0493886	-0.7591502	-1.4549127	-1.2639825	1.6969354	1.4485245	-1.3237282	0.75702477	1.2577515	-1.3420533	-1.2922626	-2.7024138	2.2386348	0.97570926	-1.1180594	3.4392967	1.0902573	-0.574502	1.2760531	-1.6939751	-1.6724018	3.6111214	-0.793778	-3.000725	-0.39074185	2.3298893	0.08928749	-1.963527	0.7514877	-0.3453418	0.17769514	-2.0232677	3.8826497	2.8663542	-2.263308	2.990225	1.1009157	-1.152889	-0.82216495	3.8569102	0.38656938	1.1867088	-0.95705074	-0.010486757	1.5010326	0.32721737	0.8852562	-1.5907592	-2.4515479	2.9984732	-0.44525456	0.3433115	-0.8567026	-2.0346768	2.0416427	1.4999433
4	-0.38902828	2.446112	2.3176737	-1.479126	2.4905608	-2.273872	2.8628414	1.6883124	-1.7366545	0.039538447	-1.03076	1.4411798	-0.14627491	-2.2025824	-1.8718737	1.1262691	-2.53788	3.758181	-0.76894224	-2.142874	-1.8279747	1.0343819	1.1981225	0.120602034	3.6564589	1.3364798	2.5852926	1.5065658	-1.256237	-2.947647	0.9124531	0.44239035	0.6064582	1.1784385	2.3671594	1.1112123	-0.33438876	3.173039	-3.7933445	-1.9176931	-1.1465144	-3.3414626	0.98758537	-0.8949218	-3.0780416	2.8513758	0.47849983	-0.96130395	-1.5286456	0.20814604	1.0132614	2.7238197	-0.7306956	-1.9895378	-0.4854157	0.92530733	-1.9287896	2.0475502	-1.4093821	-3.1482651	-0.60151255	2.045651	-3.70405	-2.562161
5	0.9314547	-1.8251885	-0.10999637	-1.0020208	-1.3791797	-1.9012293	3.228206	1.4745295	1.372448	0.39419225	-1.8369821	0.04466198	-0.28872085	2.3758287	-0.28188434	-0.062524766	1.5603114	1.1154	1.8288635	0.10846391	2.3746066	-1.5687063	1.9984317	0.3535067	2.5362291	-1.6072448	1.0237899	-0.35738483	2.4780052	-1.2401967	3.2081444	1.610796	-1.8873892	0.9738581	2.4303038	1.698494	0.6264879	3.830423	-3.8486702	-0.15703802	-3.0450983	2.2336826	0.67103076	-1.1440728	-1.4877539	2.5178387	-0.21797167	-0.05668908	0.85224754	0.17881843	2.182277	-1.5363252	-3.6616225	-2.303596	-3.2587347	1.80305	-1.6071539	0.81484693	-2.737508	-0.6167682	-0.040218234	1.5667164	-1.3160548	-2.1543863
6	-2.9294178	0.44301915	1.4891847	-2.0340946	0.3018981	-1.5387131	3.2703826	-2.1979058	-1.9266979	1.0297185	0.14279184	-2.839419	-1.827725	0.6663013	-2.2184796	-1.5547148	-0.31198698	-0.06138246	0.92457783	1.3677692	-1.0404799	-1.8269887	2.8322043	2.5135796	2.1401424	0.2598776	-0.9970568	1.3973303	1.5122179	-1.7477373	2.0070994	0.66767824	-0.56741685	0.5810277	2.5251858	1.2830719	-2.6308856	-1.523499	-2.9496882	-0.29855457	-4.7487907	-2.3215253	-0.17624208	-2.0990374	1.2232041	1.046376	1.2435794	-0.12231752	-1.8598617	-1.6840597	-0.19408369	-0.74494606	1.7066604	-3.5240355	-0.30066565	1.4047116	-1.6392453	-3.0529935	-2.2702782	-0.6084449	-0.9937073	2.7409894	1.5371702	2.4454043
7	-2.6749763	-0.32104397	-0.31365994	1.503498	1.3889183	1.3588102	-0.6133516	-0.25006527	-0.95476955	-0.3371939	2.7920735	2.7598872	-0.094591446	-1.2008287	-0.50518626	-0.77886	-1.8607066	1.5202252	-2.2427335	-0.216809	-1.0515287	2.558176	-0.44961232	1.1049479	1.256578	-0.69534475	0.802581	1.0960838	-2.9438252	-1.8317915	-1.2565224	-2.0562315	0.054565027	0.633273	0.30630073	-2.7906725	-2.638546	-2.8232663	-0.27036846	1.5071552	2.8728676	-0.03024938	-1.1823543	0.86535907	0.50101846	-2.4999857	-0.99447095	-3.2794905	-3.0816789	1.1969069	-0.24393857	1.9947053	4.1960616	-0.09020526	2.1433032	0.9948192	1.1444203	2.008591	2.869942	0.45048818	2.2009432	2.5757248	0.59408355	1.3524756
8	-2.578531	2.915645	1.7927294	-2.5436018	2.1513402	0.68492645	0.82913435	-2.2282987	-0.19731443	-0.7102235	1.8475261	-2.1078777	0.028453976	-1.0260969	-3.3861337	2.5681913	-2.2141726	0.3015327	-0.6030659	-2.340203	-0.8116926	1.71847	2.1647234	2.3719115	4.067637	-1.0290726	0.11642931	1.2789226	-1.9629724	2.2397301	2.1273873	-0.27347675	-2.0246048	1.61023	-1.2473373	0.93426937	-1.2569655	1.4382979	-2.8365111	-2.486555	-1.6128429	-3.1192958	0.82948226	0.86204153	1.5293143	0.93176335	1.5804688	2.5218258	-1.9308523	-0.13855188	2.4334273	1.0745777	2.9915764	-0.33677205	1.9818126	-1.9386786	-1.2747277	1.6459234	1.1929048	-1.8559607	-1.1567986	2.7117598	-3.0740187	2.9605913
9	1.3829062	0.16862431	-1.7180853	-1.7440356	-1.8468446	1.1948836	-0.25615865	-0.750129	-4.5314846	-2.6810498	-0.17379309	-2.9021463	2.3811867	1.4553597	-1.836895	2.494333	0.9649341	0.26246703	0.4609463	-0.32037795	-1.6025525	1.8226495	0.50368893	-0.7399732	-2.2547069	-0.24149553	0.21043706	-3.0913796	0.3670765	2.3414247	-0.2299696	-1.8466567	1.7989843	-1.8065505	1.0111141	-2.3437533	-1.1544564	-3.335856	0.1572812	0.9942046	0.0337485	-0.22130066	-2.206632	3.2036269	2.2486343	-0.60683197	3.349598	0.091541745	0.3605043	1.4583533	-0.053693023	1.5052364	3.7677295	0.02635584	2.1370385	-0.57088065	-0.8414202	-0.123767205	1.8468446	-1.278585	-2.1076658	2.4956524	0.865621	3.0739274
10	-0.2899861	-1.2478352	-0.9674461	-0.8902397	-0.3378735	0.0033659057	0.15209508	-0.75272685	-1.5038484	-2.8046231	0.4695572	-0.9776809	0.9055199	-0.9079046	-0.9673866	0.8279052	0.13067187	3.0683675	-4.3868103	-0.31826395	0.28462246	0.0055709737	0.2163637	0.89398336	0.5024703	1.9398625	-2.7738435	-2.0286956	-0.60254073	-0.94284624	-1.2587625	-0.8336995	-0.59674126	1.1584752	4.0521035	-2.690013	-0.39334545	-1.5228908	-0.7530615	-3.0556529	0.8614178	0.23272756	-1.2327645	-0.592996	-0.798956	0.54459	1.9353454	0.3377353	-0.13616118	-0.5671369	-2.112762	-1.157389	2.6133814	1.7710166	1.5988067	0.4070674	-1.9530244	-1.5360873	-0.27446073	-1.6881373	2.2565024	2.1515656	1.7069345	-1.1922412
11	-0.5151326	-1.8307681	-1.4873228	0.3032707	0.08668316	-1.4837048	-0.21733943	3.3839386	-0.34032518	1.0750439	0.25467327	3.476116	-0.5946418	2.1206524	0.3201955	-2.546218	-0.7830184	1.8968917	-0.19103625	0.94211596	-2.747953	-0.18289958	0.57414025	2.347128	-0.4077379	-0.8430863	3.2778137	1.0038791	-1.266991	-0.85095	-1.8038411	-2.9804046	1.0795571	-1.2570322	0.90453017	-1.2240367	-0.64388186	-2.0200894	-0.2511956	3.1028223	0.3689828	2.753769	-1.2114253	1.7644159	-1.29067	-1.6607013	-1.4682828	-2.7965121	-2.0745072	2.7912805	-0.6985558	1.7507043	2.4412987	-2.6488223	-1.2738757	0.7353288	-0.9315262	2.0263512	0.4249409	1.9763947	0.48986918	2.341929	0.4735992	-2.0883832
12	-1.5870268	-1.0856141	0.40797767	-1.07523	-1.6885897	-0.34617716	1.957863	0.47321406	-1.0008347	1.0557064	0.3850706	0.015432965	-1.1413331	1.8977151	-2.2257376	0.14380534	1.9172919	0.9421055	0.45821333	1.4302909	4.111061	2.0280323	1.9639788	3.274784	1.9112626	-0.50889295	0.5969681	-1.4970814	1.9287796	2.5667093	3.1194289	-0.08361542	-3.5638006	2.4648523	2.357593	0.40654883	-1.6209195	0.69633234	-2.0965147	0.48515806	-1.742748	1.6651236	0.24781851	-0.53531516	2.3712606	-0.84778446	-0.06639108	1.5430666	1.0589637	-1.0861285	1.7837274	-3.5103672	1.6907488	-1.689843	-1.4618168	-1.3193891	-2.615096	-0.5932399	-1.5445676	1.0097297	-1.8300664	1.1716617	1.0347722	1.3641366
13	0.32377884	0.28537717	-1.7220938	1.5838295	-2.213269	1.9808306	1.9040712	-0.9225249	1.0677427	0.8541837	0.65704864	-0.51789665	-0.93788064	-0.14733465	0.84631217	1.6689025	2.8876383	-0.1122236	-0.8089615	-0.6361023	4.3380556	2.6284866	1.5058953	-0.4162331	0.07762833	-0.35880613	-1.04123	-1.5949008	2.8213081	1.8216406	1.6234237	0.83569646	-2.5165389	0.91893846	-0.3637698	0.13716798	-0.87955415	0.9148371	-1.0549862	-1.67946	1.3830628	0.35141644	1.4999532	1.3670989	1.3036007	-1.1642162	-0.7901379	1.4325528	2.5120056	-2.4208467	1.3596709	-1.3080225	-0.97063804	2.8640292	-1.2233142	-0.6420016	-0.6653794	0.6794333	1.5570729	1.3539317	-0.06609163	-1.1844041	1.0129006	2.1894786
14	-1.3627974	1.1250173	0.6846736	0.30674934	-1.7196472	2.4894164	1.1731012	0.22063845	1.0606797	1.8188896	1.0192137	-1.3454268	-1.2000287	-1.0904272	-2.7015245	2.5747294	0.8725367	-0.5104293	-2.2241418	-2.2207427	0.8178215	0.7521383	2.761243	0.453438	0.17267786	-0.3549732	-0.44260442	-0.31692988	0.5819751	2.2068334	3.1726975	-0.46299747	-0.735585	3.146901	-0.595919	-0.6919648	1.4807588	3.3869624	-3.2651176	-1.3965583	3.1026907	-0.69455	2.7839923	0.086961426	0.55254483	0.18495008	0.1392818	1.7737733	1.4249983	-1.5869913	2.2066662	2.9137924	1.7763346	3.160119	-2.4749553	-3.4050884	-2.959123	1.4401251	-0.92837054	0.1496054	-1.2407386	-2.2547553	-2.0922637	3.523683
15	3.424185	2.1923926	-2.420135	-1.2831577	1.501682	-2.0820334	-0.8806008	-1.2442535	-0.22974394	-3.5116599	-0.7990402	0.82622045	2.1678202	-0.3280048	-0.2932037	3.4622924	-0.9141427	0.94168407	-2.1741788	-3.3344443	1.1658564	0.37851936	2.9226472	-1.2499491	2.5717235	0.32657272	-1.5896108	-0.9950014	1.1638093	-0.7332882	-0.083446	2.7899463	-4.7882686	2.1951332	2.1449654	1.7224385	1.0042602	-0.21119857	-0.9779038	-3.7417705	0.7586362	-2.4041896	-1.9975879	1.9216765	-1.8228953	1.2773043	3.7287028	1.9394224	-1.7475128	-1.9802551	1.5450965	-0.058952622	2.8820698	1.1126118	0.8350318	0.3783223	-1.7240312	1.8670447	-0.6583747	-3.6992006	3.921357	3.5366492	-1.8910099	0.6116684
16	-0.5725493	-2.096074	1.2687336	0.81305486	-2.0388536	-1.4271559	2.9397066	2.855652	-0.6997917	0.83023435	-0.3071897	1.8424958	0.5475441	1.1825092	-2.7131255	0.6209909	1.1591569	2.9320586	1.6073906	0.8460322	1.8949317	2.9550536	1.0103679	2.3099828	2.8577654	-2.325685	2.7292223	-0.6498145	1.0086945	0.41074517	2.6848736	-0.63415855	-1.5344791	0.5357613	2.979992	0.8899721	0.26967716	4.110928	-3.3085494	1.1449579	-3.9360123	1.2407441	0.9859508	-1.5651171	2.4618673	1.4211068	-1.6535268	-0.18981946	1.0346138	3.238194	2.438754	-1.3379188	-2.6417458	-2.6536129	-1.9108142	1.1576012	-0.08019388	0.6060458	0.5134714	0.21790417	-0.34525695	1.6006794	-1.6113505	-1.7924852
17	-1.2569256	2.394637	-0.034189407	-0.0603791	1.0149553	-1.2670516	-0.7573967	0.025822766	-0.2189261	0.32390448	0.6873201	0.83404833	-0.54645294	-1.8385644	-3.895749	2.5337453	-1.9827495	1.0145459	-2.1546967	-1.5177786	-1.095557	0.7005815	1.5456136	-1.8368077	1.5309955	0.104845285	0.15732554	1.4794683	-1.4699404	0.90266603	0.12006463	-0.50206083	-1.4838696	-0.60341126	-1.619876	-0.29235882	2.414751	1.086457	-3.153984	-1.063148	2.0543718	-0.9523326	0.59934187	0.79440033	-3.3794718	2.2908561	1.5537571	1.6448128	0.9854225	-1.9630289	2.644468	3.1257105	1.1736792	0.66314965	-0.88929504	-1.5882208	-3.7710254	1.7798263	-3.1910655	-1.8410538	-1.6463758	1.4928926	-5.590418	1.2648854
18	-2.4767158	1.4153705	2.9604962	-3.716573	1.4041744	2.564914	-0.38988903	-2.1971047	0.3592814	-0.32207826	2.050786	-2.053675	0.61994106	-1.1480589	-0.12105681	-2.0486255	1.2308468	-0.13388066	-0.93153316	2.7345817	3.4887104	2.5732358	-1.5653424	-1.1945983	1.9383242	2.2186735	-1.1001756	0.06400912	-1.6126727	0.046365052	0.41797686	2.5143194	0.16860147	1.7113708	-2.0830646	-1.761006	0.6668675	1.2496755	1.8638811	-0.57267576	1.3792292	-0.75552034	0.11633418	-0.86222506	1.2696995	-0.5237185	-0.7505481	-0.93477523	0.9315148	-1.016104	2.1860816	-1.2937301	-1.5438604	1.4503243	2.1476996	-0.37635857	1.9919448	-3.0356138	-2.7583563	-0.45361528	-3.7566664	-2.0034971	0.38467306	0.6041563
19	-0.9756664	0.7974174	1.8546659	1.6544431	0.95687294	-2.191781	-0.8583443	-0.9539599	-1.9202224	0.83298326	0.99275696	0.9488546	-0.57707596	-0.013049771	-3.9283204	0.8383949	-1.4583876	-0.6223981	0.6574688	-0.31467274	2.1483595	3.7904766	0.09504938	1.9234862	2.5690477	0.6355506	0.7553154	0.85082424	-1.017893	3.7016335	0.93793756	-0.9422558	-3.9896817	2.2321053	1.3882133	0.7028497	-0.5348843	0.9555778	-0.23563373	0.120480865	-1.8479716	-1.2194307	0.25915226	-1.7961732	2.1835258	-0.2420387	-0.23262247	3.0940194	1.164224	-0.4130701	2.3947413	-3.501661	2.3121862	-2.493368	1.3560209	-2.4776707	-1.8033296	-0.08938499	-0.17826839	0.30649137	-1.426328	0.45326814	-2.9935315	2.3430984
20	1.563717	-0.26670438	-0.5365241	3.127979	0.8145963	-1.279137	-2.4875653	-1.3908004	1.5294833	-1.5823448	-1.1860245	4.3076572	1.5291029	-1.7043046	-2.8829606	2.5645616	-1.0406998	0.0052600433	-3.3324366	-0.19862458	2.1891146	2.124799	-1.4063375	-0.22894281	1.6325927	-0.55208975	0.42898026	-0.99845695	-2.5705874	-1.0641977	-0.83777213	0.16535665	-4.825892	4.210918	1.2116882	-0.67613626	1.5064737	0.3842177	-0.9722451	-2.5097983	3.7229676	0.46106473	-0.34359005	-0.59689564	-2.8640397	-0.2199218	0.9142321	2.1601171	1.6987382	-1.381686	-0.09364793	-1.4301597	0.91652685	1.8136345	0.99411047	-1.1978296	-3.2891786	2.1673841	-2.4240706	-2.5448825	2.5003371	0.6947579	-1.8939335	-1.1675948
21	-2.5045478	-2.5819376	-1.0508989	3.4010587	1.2876997	-1.9862229	1.7629443	0.9673929	1.37711	0.3476262	-1.2656722	2.1520004	0.040685292	-0.93372655	2.7299662	-2.4356236	-1.775431	-1.0314453	1.7177451	1.62943	0.82357377	-0.36917445	0.9455143	-0.12685981	1.3918883	-0.5788928	-0.14795598	0.03052667	3.0711944	-0.86364526	-0.0055236956	1.986538	2.5817902	-2.338592	-2.325041	-1.4981915	-0.69069123	1.9890753	-0.40988332	-1.3932049	0.7813682	-2.0411053	-0.21017353	-3.7704751	-0.3482213	-1.1835672	-0.14776728	-2.1381996	-2.5597658	-0.8292082	2.607411	2.4309528	-3.819518	-2.4770458	-1.8074763	-0.6074504	2.2633479	2.026885	1.0907927	-0.4766957	1.0939392	-2.5540454	-0.73339176	-1.4577533
22	-0.37484017	2.14364	0.31846914	0.79432446	-1.5806113	3.5363867	1.822314	0.027760915	-0.75420725	-1.3858308	-1.7307394	-0.76298887	1.6946889	2.576635	1.9985739	3.5037704	-1.5585537	-1.5488865	3.3058457	2.3463013	1.4758145	-1.3889289	0.27536458	-2.2062058	-2.0563045	-1.0840532	-0.46857202	-2.800559	0.7746377	-0.390906	1.485702	2.669877	0.5513124	2.0542321	-1.1670985	0.9206991	-0.57255423	1.40575	-0.3994009	-2.0651462	1.2915539	1.9736723	-0.21815422	-1.2074875	1.0631056	0.4059396	3.0318675	-3.5039845	-3.0732687	-2.7239811	2.084683	2.4969437	-0.13944568	-1.6317508	1.1920546	-2.6284618	2.2121572	3.086154	-0.37220478	-2.1627116	2.646397	0.102976955	0.90469885	1.3291605
23	-0.6471932	0.33866513	0.051051747	2.577644	-2.1182935	-1.651987	4.124445	1.483401	-3.6041484	1.5085804	-1.4713334	-2.6140897	-1.7716494	-1.0191805	-1.357722	0.8287414	-1.8743663	-0.77106285	0.4948644	-0.40667707	-3.6650853	-1.3960382	0.3265333	-0.7354909	-2.8525798	2.2551608	-0.678903	0.7953057	0.27633107	1.1959693	-1.4814272	-2.0106826	3.8833797	-2.260129	0.9153653	-0.049951173	-2.563326	-0.017241094	-2.6549945	-0.5911574	-1.839128	0.30417094	1.7767029	-2.070248	-0.82748497	3.2695162	0.74676013	-0.4066948	1.0406381	1.1467229	-2.8270428	2.1633627	-0.5262068	-3.1610367	0.8989338	1.211077	-1.8559065	-0.90164346	0.8505048	-0.1350111	-0.8728781	-0.37001455	-0.33434108	1.22218
24	-2.440756	-1.8337641	2.4552162	2.4564042	-2.1886382	-0.76133543	0.63570714	0.414865	-0.6550729	1.3268623	-0.2236009	-2.2606418	-1.3791281	-0.37439206	-3.5422194	1.8406674	-0.5463436	-1.7142596	1.2121773	-0.94540894	1.9670613	-1.4454052	0.0014257897	-2.3124132	-0.51143163	-1.2123878	0.24522868	0.65202653	0.8720167	1.5403408	2.821261	-0.009408626	-1.197614	-0.12688339	0.63994014	0.45506683	2.2375636	2.3873668	-2.6760774	-0.38545084	0.044841338	2.793412	0.7481047	-2.7571132	0.19319916	3.5187476	-0.27304047	2.2766497	2.589066	-1.4638188	1.8782752	0.7662749	-2.7491899	-2.1826243	-1.6557328	0.4874475	-1.995764	1.4277169	-4.234526	-0.7138236	-0.8375122	-1.203975	-3.7579248	2.4389126
25	1.144134	2.3193877	-0.9433881	-0.71483785	1.3616016	-1.4951484	-2.0825868	-0.3717846	0.46084753	1.0946672	-1.275878	2.210737	-1.9305677	1.9465677	-0.06292381	0.08488487	-2.3882139	-1.4014336	1.2065222	-0.3187637	-1.8642361	-3.1224692	0.16859728	-0.6973369	-1.3565897	-2.4690306	1.6082236	1.3716669	-2.031129	0.91387886	-0.47051284	-0.68657523	-2.2419388	0.18038392	-1.7917329	1.8862455	-0.65987515	-2.07231	0.080766596	1.9138608	0.15482251	1.8274966	-0.3558877	2.2059467	-3.4730806	-0.6512778	1.8119817	0.35595477	-0.448412	-2.8268583	0.9518467	1.0736451	3.6699972	-1.9115866	0.23267055	-2.7874691	-2.3453379	2.5955424	-2.8828497	0.49073693	-1.2375826	2.1268635	-3.0615644	1.3234094
26	-0.6133223	1.6116753	1.6998856	-1.7243041	-0.6857305	3.067788	-1.4443748	-1.2757694	2.4961958	1.5736663	1.8677474	-3.6925569	0.086706385	1.2411118	-1.953722	2.8454337	1.1629223	-2.7288225	1.097569	-0.8013838	-2.3897352	-0.9664035	-0.32631862	1.2923676	-0.91847515	-2.3588033	0.8205737	1.8669697	-2.4988022	0.0498968	1.0655917	-1.4729773	-0.13762148	0.22395144	-2.7150068	2.9483976	-0.22851282	0.07098563	0.043120254	-0.53059256	-2.3960278	0.7283093	2.513579	1.8401058	3.5996919	1.2464411	-1.8224326	2.2528963	0.82661074	3.250821	-1.638469	-0.6607147	1.2116449	1.8257985	1.1363927	0.168363	0.24891263	0.12866814	2.9827034	1.829544	1.7301893	1.1046419	2.4107754	0.9978456
27	3.0219486	-0.33615285	0.9211443	0.27010533	-1.8069142	1.8976595	0.33689037	-0.083500095	1.6892446	-0.8540166	-2.1185389	-0.896146	0.81871635	2.6765497	-1.4221572	3.1903775	0.2394747	1.1115345	-0.36167005	-2.1808112	3.0483847	1.5032281	-2.6799037	-0.50403947	0.043558415	0.95907676	1.0887333	-1.3954648	-2.3354557	1.4504766	0.7969591	-0.6457552	-2.3096879	3.7921922	3.0680606	1.0353711	2.8573213	3.5179558	-0.394253	-2.934555	-0.04183021	2.431226	0.77545875	0.52239543	-2.1477804	0.8629846	0.060296275	1.6276584	2.305689	0.056133647	-0.385828	-2.562004	-2.1506724	0.31707668	0.74472404	-1.2061216	-0.923614	2.6342895	-2.5105193	-0.7598481	-0.7913159	-1.3045902	-0.8158984	-1.3465025
28	-0.601953	1.0253733	4.1189466	0.27827013	3.2643595	-0.49785775	-2.8321195	-1.0270407	0.07205476	-0.24086377	1.6757932	1.1149642	1.0498109	-3.8153305	-0.3122702	0.811983	-0.89242625	-3.5973814	1.6985188	-0.564452	-0.30518976	-1.3883725	-0.7782529	-0.54503137	0.61157095	-2.6483188	-0.58326423	1.1408125	-1.0752925	-2.120529	1.8698862	1.9958652	-3.2392783	1.4208975	-1.9553926	3.1308994	-2.1601121	-0.101013705	2.4429283	0.50363684	-0.52077556	-0.691982	-0.061693735	-1.8775479	3.6806695	0.13345309	-1.4568598	1.6498309	-0.42937538	-0.040615406	-0.007586934	-0.7620315	0.09346247	0.9125146	2.2925816	0.009331653	3.270925	-0.8594596	1.6752911	-1.3324943	2.330032	0.13452575	-0.38104042	1.7088158
29	0.2888125	1.2407684	-3.6198454	3.0797164	-1.9854527	-0.40958276	1.6459254	-0.1885294	-3.054824	1.3154278	3.027584	1.6769708	-2.9683855	0.9664371	-1.0912558	0.34271643	0.937314	1.1890486	-2.6807883	-1.0295228	-0.5410366	2.8742514	0.95133936	-2.92774	-1.4573721	0.8612134	-0.35990795	1.8217739	-0.061200943	-0.68545794	-0.16401812	-1.817461	-1.300461	-0.09432223	2.559471	-1.2482971	-0.27755806	-4.1294584	-1.9492135	3.7322657	1.18945	-1.2883765	1.0220771	1.8318835	-1.8023458	-1.6671953	-0.097520016	-2.8368313	0.99856865	-0.102523245	0.5745284	0.72753507	3.3590322	0.13525902	-0.51716864	2.3002243	-1.41664	1.2749768	0.8179232	1.5747712	-0.23424114	3.276303	-1.087177	3.0455618
30	-1.4400235	-0.26795045	1.316521	-1.6177572	-2.0479167	1.3425723	2.2071044	-0.5268757	-0.26773185	1.4511877	1.1834528	-2.4064143	-2.062798	1.3382692	-1.3653641	0.3885499	3.1013906	0.55431414	0.07506696	0.41999242	1.9411237	-1.8596541	1.695551	1.6847106	0.64026517	0.3556766	-1.5252519	0.22171676	1.909942	-1.2861098	2.9400787	0.54197466	-2.2999876	2.2672584	2.711889	2.1885462	-1.042279	-0.80834377	-2.588473	0.28832933	-2.788624	1.8637489	0.85930014	-1.3390163	1.9598062	1.8782517	-1.1860764	0.7849817	0.7975389	-0.9290321	-1.5861138	-3.2512083	-0.21907896	-0.022484936	-1.8150221	2.3290317	-1.4927474	-2.3005166	-1.6683646	0.95042396	1.1015781	1.5347383	2.8747354	0.6775011
31	-1.0613165	1.049109	-2.303465	0.30675754	-2.1575344	2.505751	0.25055203	-2.5364597	2.3375895	-0.45518824	1.5954766	-0.28697237	-1.0366864	-0.5364829	-1.933389	2.072478	1.7860007	1.3200512	-2.5633674	-2.4627826	2.586518	-0.8172542	1.8922337	-0.92970496	2.6336434	-3.2448125	0.39414555	0.37701592	0.20282082	0.24389134	0.40082672	-0.6190036	-1.556471	0.720463	-2.1338875	-1.4672824	3.3361568	-0.37258193	-4.2844133	-1.5062844	2.856943	2.3160188	-0.77838314	3.3825371	-1.9692885	2.115665	0.51942205	0.90238833	0.31552985	-1.2677792	2.0774987	3.0811346	-1.4927573	2.9413764	-1.1563282	2.2217865	-2.2967093	1.7558612	-1.1680754	-0.33345282	-0.038599387	1.7030988	-2.675921	1.3607943
32	-1.8231939	0.42851812	-2.0772262	-2.8523755	-0.5246044	2.263812	-0.6546628	-2.6151085	1.3116679	-0.603407	2.9584029	-2.0941389	-0.40704447	0.61403203	-1.8163188	0.28527722	3.15836	0.6445092	-2.7136815	-0.5099483	1.8179188	1.9184914	1.7567354	1.6841006	2.9089909	-3.417873	0.14796382	-0.21502657	-0.89481384	1.679374	0.8514787	-1.2829461	-0.8984897	0.45739758	-1.4104763	-3.2281382	-0.4926574	-2.0067394	-2.3246212	-0.44083488	1.7846063	-0.92018104	-0.5769401	3.841934	0.98786545	-1.4192424	0.5344435	1.176337	0.6697801	0.39576954	2.0265558	1.6237724	2.3836873	2.7489111	0.46356368	0.20330042	-1.8008182	0.50998855	1.3622534	0.9706258	-3.127706	2.6832838	0.8382864	2.72295
33	0.23519394	0.083490156	-1.0301694	3.7375367	0.73669773	0.11489961	-1.3562607	-2.6642802	0.7927788	-1.6068633	-0.5284366	1.8432552	2.6077204	-2.732485	1.0328867	-0.11882531	-0.31954628	-2.6562598	0.210358	2.2071123	2.2192285	3.4716809	-0.8717195	-0.033239987	1.3940043	-1.6772827	-1.5604827	-2.2947583	1.243714	1.6146183	-0.04622908	2.5453093	-1.5761178	2.0708485	-1.7741821	-2.0938284	-0.7062012	1.6466178	2.7019205	-0.9956771	1.9123241	-2.4410694	0.29437444	-2.6363723	2.729021	-1.7779671	1.1695333	0.56048286	-0.084012665	-0.7205374	2.5367854	-0.6129234	-0.76714814	2.1395347	1.1753105	-2.7141	1.9700761	-0.8113174	2.902341	-1.2388102	2.4781256	-3.0074887	-1.1987768	0.96832
34	0.04507648	2.7144785	-0.20686448	-0.53712374	1.6748796	0.7593848	-2.6460905	-1.2110535	1.3101968	2.1342335	3.5137725	-0.33019665	-3.3077893	-1.8203344	1.494642	-0.5448929	1.1564022	-2.972346	-0.9537837	-3.040553	-1.741877	-2.8786232	1.0705485	-3.064643	-2.1759648	-1.7160164	-1.1918359	3.9459777	-0.45606196	-0.8163008	0.530093	0.9590297	-1.3227355	-0.85996157	-3.714746	2.0059352	0.2829781	-2.1857777	1.3562278	3.2855694	1.4991102	-1.199602	1.675783	1.6484107	-0.119831145	-0.7554783	-1.4663717	0.12580577	0.44924912	-1.6309718	0.6160477	2.3750412	1.558898	3.0569837	-0.34024656	1.1879154	1.6774317	-0.5217858	0.7258567	2.3617356	-0.79553616	-0.07732876	-1.4536382	3.7011545
35	-0.41749743	0.33524108	1.4844524	3.183992	-0.9046184	0.2606425	-0.9477257	-1.3230386	-0.6119052	1.3218336	1.7153893	-1.6109504	-1.9490755	0.67818004	-3.2262177	3.602254	-1.4981767	-1.9442667	-0.7425234	-2.9603608	2.343262	2.1141238	-1.187492	-1.6639813	-0.5937218	2.1388826	-1.5596665	1.6137689	-1.5682608	3.1769907	1.8661779	-0.9503767	-3.662318	3.0163887	1.9118931	1.2945061	1.9165066	1.4070337	-0.4407351	-0.91413957	0.7916557	0.3421676	1.9510413	-2.780766	-0.21013024	0.59990954	-0.6889229	3.0483809	2.2508152	-1.7923646	1.2260222	-2.7563844	1.0294542	-0.4090531	0.5933933	-2.3460696	-1.2441329	2.5354464	-1.9661778	0.32459152	-0.47261527	-1.620855	-3.1883798	3.8801122
36	0.86358106	-0.5792987	-0.9775632	-1.244104	-0.40606353	-1.1063732	-1.9421961	1.203924	2.2557287	0.81111443	0.23557216	0.29185906	1.0274209	2.4178057	-1.5690237	0.91245145	2.7666168	-1.0192678	1.1723353	0.9612468	0.27894506	0.66269565	1.4178543	3.7318509	1.622232	-1.8335867	1.584319	0.61228395	0.32761016	2.0029364	-0.56761795	-1.1869905	-2.2870443	-0.8027599	-1.878594	1.4434706	-0.55224824	-0.41381225	0.18058974	0.36626527	-2.2232294	1.4873376	-0.44937226	1.9240694	3.2623756	0.9320817	-1.5345744	3.6357305	1.482647	2.6965797	-0.24587627	-2.609221	1.1982036	-0.74647826	-0.9386434	0.032498255	-2.3795588	0.48329064	2.0136375	2.094882	1.4493357	1.3903246	2.3429656	-1.7392377
37	-0.46797743	-0.4573123	-1.1363773	1.9509428	-2.8092797	-0.7542539	-0.6876373	-0.027692968	-0.5058164	0.83811915	1.6194476	0.85185194	-0.35917804	1.3295859	-3.3516824	1.4543769	3.1386395	0.028574834	0.49616364	1.5664703	4.076383	2.4417896	1.4451511	0.6077689	1.2119569	-2.464624	1.1687318	-0.35437214	1.3301684	2.810796	1.5123706	-0.78488415	-2.88694	0.8897261	-0.57326394	-1.0696266	1.948344	0.45747358	-2.0084307	2.1739302	-0.71873415	1.7317224	-0.20656489	0.15048984	2.7161613	0.29950896	-0.7199186	1.9920138	2.1888833	0.83305573	2.930058	-2.0210776	-0.84683377	-0.43022615	-1.8171685	0.4456266	-2.3406737	0.18003802	-0.73034894	1.6743563	-1.6027563	1.1009477	-1.8939642	0.8252707
38	-0.035754748	0.50740045	-2.8804927	2.8294783	-1.6247501	-1.6931659	-0.7999055	-2.8833754	2.0905848	0.13714702	0.23857318	-0.52243155	-0.3134272	2.7686195	-2.9075408	2.3981123	-0.022522168	-2.0674314	0.7290969	1.9544076	2.2730577	1.5328867	-0.10760501	-2.2265043	1.8528315	-3.1495624	0.39239013	1.2234331	-0.55990887	1.9983153	0.6752665	0.0689223	-2.9398525	0.015264714	-2.4615185	-0.90837806	2.637632	1.1487746	-2.9851837	0.34475634	-1.1159632	0.9830742	0.9958763	-0.18314882	-1.8746872	1.7640748	1.7489223	1.9100388	1.8722242	-0.4395895	3.6418254	-0.8388951	-1.6335843	-1.2345939	-0.74326444	-0.022129536	-2.6424296	1.9357328	-2.1529562	0.040169295	-0.8387908	2.0930312	-4.1617694	0.9653387
39	-0.8567871	-1.9812734	0.6070209	0.087099954	0.83445317	-1.2588716	-2.5450747	-1.4478514	-0.47573164	-1.7364765	2.0192773	0.06951438	1.1745148	-2.5403333	-2.7896316	0.52369297	2.3140955	-1.4049625	-2.632728	-0.59952426	2.6692414	1.4034796	-0.5486982	2.4838066	3.848388	-2.0012631	-0.3382256	-0.17800924	-1.4829633	0.37283102	0.59098405	-1.103841	-3.3878844	2.4478793	0.55708927	-2.7716112	-2.7978737	-1.907787	-0.96773064	-0.2777352	2.18794	-0.37415132	-1.833124	-0.8105829	2.6512485	0.10801105	-0.844371	3.3910217	1.1294467	1.5597668	-0.20824236	-2.3382998	2.2369707	0.58002436	2.4204621	1.6461848	-1.765566	0.5798654	1.5633454	-0.86657846	0.83514184	2.0036306	0.8744927	0.7877238
40	-2.1783767	1.6435665	0.00061948586	2.7003186	-1.0610349	1.1763588	-1.7237614	-3.6055627	1.6130086	0.49849567	1.7192326	-0.2306314	-0.8826449	-1.8979472	-2.472078	1.0585533	-0.5125154	-2.5015044	-2.2596734	0.66863024	1.2822453	0.63835233	0.6664189	-0.5105166	0.5895523	0.9837795	-1.7811882	1.7129529	-2.0497549	3.1949723	-1.8309839	0.56220824	-1.9561644	2.4676929	-3.6091862	-2.0396276	2.5031757	-0.03455335	-0.12761337	-0.06719123	4.022562	2.0219822	0.7609147	-1.8890178	0.95135456	1.9500115	0.5587775	2.1850643	0.10706524	-1.129828	2.0566192	0.09656231	1.6708001	0.95210356	0.49872363	-0.8976717	-3.243509	-0.91361576	-1.5242138	0.049702972	2.1669903	-1.436153	-3.4318962	2.5815785
41	-2.032564	-0.6626485	1.7217894	0.624616	0.17008835	-1.1190102	-0.94241744	2.1913018	-0.0036813396	1.1666937	0.22181717	2.0859585	-0.18197331	-1.1405294	-1.2895898	0.53188735	0.22623226	-0.86240053	1.1721153	2.5350342	0.006423971	-1.4861151	2.8548012	2.516868	-1.1639395	-0.5903382	-1.2381229	-0.06488367	1.7642528	1.9270804	0.16675004	0.8674901	-3.2415707	-0.4861225	0.17034066	3.0300157	0.16311553	-0.18111646	1.6527622	-0.40008464	-1.2257669	3.2919388	-0.38607937	-2.0234005	4.1957192	0.93421835	-0.8126917	2.4463484	-0.43214896	-1.0201868	0.59215915	-1.8391601	1.4356779	-1.4821358	-1.8671331	-1.9538279	-2.2246056	-1.8902907	-1.4326818	0.5568618	3.4261708	0.37207535	0.5128673	0.32632282
42	0.46329692	1.4722775	1.2684281	-0.6298449	0.9581661	0.8123193	-0.80325365	0.9856366	2.0498583	2.512719	3.1896145	-0.99507886	-1.8931836	-0.8745789	1.0569966	1.1021463	2.0376186	-0.5045127	-1.6929436	-1.7179298	-1.8984878	0.20801732	-0.07906107	-2.3164423	-1.4666181	1.7213571	-0.7333631	3.247425	-0.0943328	-3.4616437	2.018229	1.1218276	-0.18434343	0.21009459	-0.14444046	3.0367892	2.1366882	1.7445185	0.39045605	1.1651365	-0.54709107	-3.463149	4.619109	-0.9596925	0.072349526	-0.1657153	-3.355873	0.16531114	2.3443387	1.3401892	-1.4717706	-0.75746477	-1.2314222	4.337968	-2.6155148	1.3232625	1.5572991	-0.7919413	0.8623728	1.8027868	0.122627564	-1.413241	1.160524	-0.8030664
43	1.7412002	-1.3344877	2.0247233	0.99312043	1.5698242	-1.9004567	-1.1195968	1.620052	1.3011198	0.6003855	-0.89605916	2.2258995	-0.28191465	0.36766028	1.593165	-1.0349842	-0.86048543	-0.42982832	3.9798322	-1.3697761	-0.47723427	-2.9829986	-1.1076498	0.6402368	0.23672304	-3.725166	1.4215448	0.4972955	0.67608875	-1.2664644	1.2617377	-0.17799525	-0.5794509	-1.3232889	-0.33085376	2.4932237	-0.3509359	1.7904097	1.6276315	0.7207301	-3.555513	1.4502586	-1.6590847	0.13679576	0.6624738	-0.49972865	-1.700193	-0.054273937	-0.19786108	0.44028902	-0.31680754	-0.38374558	-4.1407394	-1.4278721	-0.02766775	0.15543762	3.6319118	0.8249611	1.5171949	1.2435557	-0.12286017	-0.07602209	-1.2187334	-1.0029147
44	-1.4830174	-0.8231505	-2.084296	-0.040213622	1.5996321	-0.12272891	-1.3286347	1.333747	0.82643116	1.2318845	1.2660741	3.2596774	-0.77196294	1.2604035	-0.14281854	-1.7832114	-1.5575565	2.6259413	-2.5782893	-0.58542603	-0.50826365	2.708518	0.44700253	0.26650646	1.5573714	0.22949407	2.5683165	0.9715741	-0.759291	-1.449468	0.4381562	-1.6671584	0.3950058	-0.8375952	1.2912941	-1.1261408	1.9000815	-1.4125422	-0.94631386	0.65593255	2.6795158	-4.080899	0.19500788	1.9090786	-3.809628	-3.7078247	-0.5827669	-1.8767937	-1.0250676	-0.82377356	2.154621	2.0454397	3.4910998	0.45299137	-2.1436603	-2.0499477	-1.102328	3.860785	-1.7630277	0.11163336	-1.5881206	0.7716894	-0.9457215	-0.55022633
45	-0.5889021	-1.8889153	-2.2879035	0.95385814	-1.6934187	-0.943301	-0.104913145	-1.552043	2.1546605	0.12886097	0.78144705	-1.5696039	-1.3147725	2.279514	1.4596059	-3.0936015	-0.64866275	-0.7754382	-1.4184066	1.4339793	-1.7770677	-0.5337222	-2.3417559	-1.7246165	-0.65589315	-0.017356101	-1.0995682	1.9465935	-2.003032	1.4044279	-1.3065392	0.15189934	3.0676768	-0.30565116	-0.04298478	-3.2729468	4.052157	0.1846182	1.2030911	2.424192	-0.20515515	-0.076383	1.8257195	-2.0164366	-2.479518	-0.20227478	1.0077796	-1.9425428	0.13476571	3.2445967	1.1605802	-0.2378469	-0.60101795	-0.5632873	-1.1029863	1.0756353	0.021482168	-1.982212	-0.35846353	1.2528797	0.458081	-0.449609	-2.3541331	-1.2863811
46	0.24331874	1.8803564	1.1048166	0.23182422	-0.12295432	0.094295144	-0.61450684	0.65389484	-4.044965	-0.2781802	0.31674778	0.57672787	1.145849	-2.651173	-0.4561842	-0.16200732	-0.30909535	-0.44550425	1.195635	1.4010803	-1.8298937	1.4976927	-0.5454081	-2.9702628	-3.7952955	2.4456642	-0.85374236	0.010497318	-0.8476855	3.5066125	-2.8992417	0.023885936	1.2973117	-2.6490617	-1.989241	-0.40462738	0.24064942	-1.841297	3.4295135	3.8019972	1.8366857	1.7346889	-0.5997956	0.49204272	1.8065269	0.6913771	0.8589364	-0.90396386	0.7560666	0.86703706	0.74926466	1.6132442	1.1467726	-0.7853765	1.9345628	-0.22049989	0.90537953	-3.3677132	0.54865104	-0.4331727	-1.3443102	-1.075731	-2.9976668	1.9911327
47	1.5262216	-3.5429437	-2.0912325	1.6918528	-0.6958133	-3.1291845	-3.4568384	-1.6582093	0.9006047	-2.5301373	-1.4719498	0.0737963	2.1059074	-0.0692866	-2.862779	0.008155753	0.7145817	-3.4969914	-2.3355715	-0.32434937	1.7859288	0.56162333	-1.192185	-0.6255158	1.5526032	-1.9322703	1.0185436	-0.83753234	-1.2638079	1.6711951	-1.4980116	-0.7980842	-2.753402	0.9642088	0.31944838	-3.0707355	0.7910965	-2.3946402	-0.5060399	-1.4770834	4.1421795	1.0376872	-2.1512182	0.4589541	-1.6334172	1.1810411	1.9400644	4.563843	2.986694	1.666157	0.31551328	-1.4474725	2.1365864	-0.68600255	1.2044066	1.1561563	-4.246661	1.5971507	-1.8983572	-2.3830156	1.7714502	1.373462	-1.372408	0.64979655
48	-0.36782834	2.5534956	1.9522991	3.7320151	-0.40758666	1.6053462	-0.386849	-0.9177024	1.2835678	0.29687756	-1.0296687	1.8825865	1.7429985	-2.670812	-2.4373448	4.0414734	-2.091976	-2.5731003	-0.33870572	1.1113435	-1.1087298	1.8874655	-1.0434638	-0.026029032	0.44012144	0.60995525	0.23537996	0.25718144	-3.1760607	0.8973545	-0.39886963	1.0070835	-0.679082	4.563935	-2.8641055	-0.06293675	1.3578936	3.968149	-0.8826715	-1.2331764	3.3280494	0.9048252	2.6471274	-3.1166441	1.0722101	2.1693215	0.31113267	1.0915906	-0.47652	1.084391	0.13651067	1.6398542	-0.7589536	0.532009	0.74891	-2.3083084	-2.050695	1.1915785	-0.029971808	-2.0269537	2.952669	-2.8114364	-2.600632	-0.9511223
49	-2.108034	0.11296596	2.246065	0.21557882	-2.26966	2.2139328	2.030349	-0.4018586	1.0507045	1.8433473	0.81317985	-3.8665197	-0.35058123	0.13368776	-2.0826526	1.8195776	2.112747	-1.6228104	0.5201056	0.004050137	2.7320096	1.3520061	1.6475658	1.0262024	1.0402001	0.9203176	-0.8120288	-0.24617569	1.9513452	2.4679415	3.6604261	1.0719175	-0.52096826	2.5176802	-0.73705846	0.53265166	1.0030403	4.5692973	-2.0667424	-1.4033891	-0.4937283	-0.4301063	3.2052503	-2.7928498	4.0558996	1.9891686	-1.2045733	2.513591	1.9667023	0.5254287	1.83165	-1.425755	-1.7309449	1.1583954	-1.9389895	-1.2495705	-1.0570486	-0.4824249	-0.08547345	0.5133126	-0.067054994	-3.3591242	-0.11428984	1.9873099
50	-2.0906274	-0.7054092	0.5262196	-1.0176576	0.38244247	0.3902967	-1.3684053	-0.88180447	0.2545962	-1.0199919	2.282841	1.0633612	-1.7505643	-1.8713889	-1.9251242	-0.4334368	1.430979	3.9304233	-3.1724107	-2.526603	3.3213627	-2.0052474	0.06884355	0.23293526	3.0643218	-2.1054716	-0.18003719	0.82179296	-0.45790747	-2.6315415	0.7003876	-0.94187266	-2.9464724	0.25767818	2.1261888	-0.7766463	1.2592446	-2.6744335	-2.6484647	-1.0322874	1.2010491	2.4126244	-2.654318	0.84807456	-2.1084614	1.6704186	-1.0605512	0.6182733	0.21423921	-2.315772	-0.25638488	-0.42283395	-1.3774278	1.4793897	0.0657745	3.3773804	-1.1740664	0.4614966	-2.600195	-0.80951	0.3086639	2.9615097	-1.1478767	-1.0954548
51	-2.32687	1.1560699	1.6763318	-0.07632149	-3.7177675	3.7286122	2.2985802	-1.3048364	-1.8286431	1.4656988	1.3678181	-3.700723	-1.8078997	0.59666806	-3.4400363	2.6612015	1.3389459	-1.2006985	-0.40759107	-0.756691	2.2928567	-0.26687345	1.6330005	-0.7953483	-1.0152996	-0.9002484	0.21162382	-0.30899715	0.08142066	1.7482842	2.6605997	-0.8720877	-1.6436884	2.6423216	0.6006649	0.49725163	-0.65343213	-0.87080574	-3.0811534	-0.53682435	1.4188347	2.690224	1.0561492	0.7207425	2.6145322	2.0170596	0.346602	0.9209375	1.5360527	-1.7152044	0.7274232	1.062176	2.1254833	0.206691	0.35144356	0.2986277	-2.4949307	0.4984564	-1.7344137	0.29284155	-0.70568496	1.031109	-0.10599778	5.0522656
52	-0.7100244	0.9602984	-0.19442333	-2.2191243	0.65851146	-0.044944204	1.654054	1.3737632	-0.58871204	0.6400634	0.025985789	2.5939093	-0.4036745	-2.0348055	-2.2651196	-1.4333125	1.5570941	4.5239754	-2.1139297	-0.053248297	0.1297557	1.207995	1.5782281	0.5056048	3.127316	0.83849293	2.8802412	0.976474	0.4142025	-2.621137	-0.6434627	-0.59961563	-0.508728	-1.2173165	1.0144606	0.26289374	0.71694696	-1.1264919	-3.2621732	0.279824	0.6610064	-0.9569456	-0.6631882	2.6186602	-3.071218	2.004531	-1.1205944	-0.52267003	1.0104967	-0.40523958	0.5459054	1.3358752	-0.76382005	0.34873325	-1.9697874	2.7577899	-3.306671	-0.42712963	-2.8639495	-1.4766976	-2.1650882	2.2882137	-0.9949168	-2.8721886
53	1.2052535	-1.2870657	-2.1074874	-1.5032374	1.3855658	-1.5163344	-0.48330283	-2.14309	1.2507843	-2.675607	0.3755116	-0.3267671	1.217019	-0.6035021	-2.3532672	1.9048375	0.66969925	1.7547376	-3.0253851	-1.8872815	-0.9286412	1.6274229	0.032411005	2.80632	3.8798678	-0.8924811	-0.5031558	-0.15022248	-1.265171	-0.20790967	-0.28840747	-1.8164175	-2.1884444	0.5051918	1.5666819	-1.1206597	-2.403013	-1.1668568	-2.3587813	-2.4247954	-1.3870429	-3.1472378	-0.8281877	1.8593322	-1.0506493	-0.592688	1.4981768	3.0257437	0.44747663	2.1034176	-1.3655707	-1.8706553	2.856921	1.0916862	1.5680692	0.79952437	-2.5291975	0.74899143	2.6094499	-1.6879032	1.0072026	3.866633	1.0829288	-1.3847097
54	1.5195155	0.77433866	-1.8223164	-1.4180272	2.1670728	-4.8321805	-2.0650282	0.87727875	-0.69696933	0.72039217	0.8218619	-1.3546767	-0.6570905	-0.17651527	2.379493	-2.936447	1.8898873	-4.0864477	1.3579172	0.5990094	-1.4476008	-2.4809098	3.4527388	-0.89065486	-0.60106057	-0.27483544	-2.0233436	2.0149157	3.0346022	3.1014078	-0.06744064	2.4827728	0.41723484	-1.648251	-3.2776985	-1.0458931	-0.40306744	-0.09116456	2.460212	3.6302717	-0.700746	-2.8748496	0.30733213	-1.5971104	1.4855633	-0.10142432	1.2016907	1.772544	-0.4866495	0.2988365	3.4115522	0.1954374	1.3454481	-0.86590946	-1.6992615	-0.9177271	0.03753193	-2.4261315	0.5101602	1.2470345	-2.0434182	-1.4556806	-2.4147575	1.927937
55	2.3601377	-1.887605	-2.097158	-0.0051930104	-0.8036212	-1.5013927	-2.2469308	-0.5776878	1.3662258	-2.16109	-1.4224954	1.1637377	1.1822357	-0.020306831	1.2878711	-1.1335483	1.8806801	-3.5584729	-2.5360065	1.6648555	0.58348805	-3.5721104	-0.19192481	-0.8296275	-1.4326645	-4.1005583	-1.2740536	-1.9210069	-0.67738014	-1.4106039	0.22670373	1.6502826	-2.3346083	3.566244	0.2503342	-2.3422246	-1.1287785	-1.3922396	0.394562	0.97650945	3.4347064	2.9538295	-0.8839078	6.8191504e-05	-1.2381253	-0.4059997	2.4067798	0.46776098	0.7668363	-0.09702627	-0.47653344	0.9836356	2.174602	2.0355372	0.18336812	0.38569248	-1.5649246	-0.64739	-1.5097202	-1.2422156	2.3402507	1.1690788	0.6863462	0.32316637
56	-1.8006811	2.584685	1.6598547	-1.4282913	0.6566009	1.4384367	2.1238685	-0.73221284	-1.3357855	0.60788846	2.123747	-1.1262461	-1.5372436	-2.0712688	-2.7890115	1.5431474	-0.289015	4.1063776	-1.8986353	-3.6495104	1.5163983	2.7017682	0.08886654	-2.2337768	3.3641725	0.7101831	1.6914065	1.5766597	-0.47720575	-1.7467625	2.2354383	-0.34577367	-0.20403296	0.0006035353	1.3157002	0.77639574	1.2268746	1.1592531	-3.8895328	-1.5376226	-0.09251492	-3.8153942	1.4528768	1.370944	-2.6954653	2.1624413	-0.5229254	-0.19608429	1.6564941	-1.4088833	2.0235455	1.9466398	-1.5406262	1.890314	-0.3630897	1.6643549	-0.2451716	1.4572928	-1.2086337	-1.8808645	-3.4554243	1.3850487	-3.3434703	0.9017778
57	-0.74689406	0.95789427	-1.0596803	0.21412216	-1.9689441	1.8411173	-2.4716015	-3.0600474	3.150576	1.7677633	2.3248308	-3.5472634	-1.8567389	1.6676346	-2.1623106	1.3377473	1.3504794	-2.8776171	-2.3129394	-0.35393476	-0.07939216	-0.49923646	-0.04707652	-1.7755803	-1.7015811	0.25233933	-1.4079103	2.3424253	-1.939362	2.358581	-0.21286573	-0.48052415	-0.9890248	0.88510823	-2.7303023	-0.40536386	3.937493	-0.50525045	0.020401835	0.22335209	1.9577054	0.8634094	2.6192434	0.21976273	-0.7197872	1.0479984	-0.11088129	2.7145677	2.595807	-0.15402152	1.1637332	-0.7958965	1.9657005	2.6462548	-1.2514484	-1.28369	-2.8913198	-0.18166809	-2.380804	1.9461445	0.059590243	-0.92223436	-1.5760214	2.7474003
58	-1.9694065	0.98949575	0.82145214	-2.3590288	0.8086746	1.9051899	-2.3468764	-2.6712966	0.9579361	-1.6458685	3.4597726	-1.0752889	-0.10315034	-1.7591228	-2.9259515	1.5959889	0.9935016	1.1313001	-3.649014	-1.1342195	1.391097	-0.4452199	-0.82527435	-1.6944205	1.3661829	-1.9726249	-0.34972453	1.1860609	-2.943282	-2.134689	-0.1371824	-0.5960372	-2.97156	0.016783025	-0.7489862	-0.2547962	0.94766885	-3.0470312	-1.1289166	-2.0674572	1.7436271	1.0032581	-0.16683502	2.1042635	-0.73185277	1.4113482	0.23839414	1.3245921	1.8042125	-0.17237623	0.10539716	-0.43826282	1.4337999	3.7384791	2.2398505	2.0648456	-0.7661058	-0.70675033	-0.8122653	-1.3944138	0.690657	4.17801	-0.7727062	0.6937509
59	-1.8856088	1.0926291	0.626682	0.90067595	-1.0070812	-0.8851832	2.317137	1.1956218	-1.6507558	1.1754726	0.32197076	0.64629257	0.7163825	-1.3232734	-4.1250978	1.0907475	0.94476986	0.56145203	0.3448444	1.5919671	0.27841488	3.414768	3.532922	1.9005529	2.1550095	-2.4822347	2.0430014	-0.85128796	1.5740147	2.6728227	2.308596	-0.120556824	-1.5287168	0.23265515	-0.6684795	-0.35897005	-1.4818513	2.8667946	-3.2963605	0.59838367	-1.4308592	-2.5664423	1.979918	-0.5076603	3.932182	0.7943551	0.82432246	1.607456	0.9643576	1.1847423	3.7826896	1.6362485	1.6744273	-0.16372432	-1.3150594	-2.0096397	-2.466472	-0.14270566	1.6201605	-0.47674942	-1.395335	0.84348834	-2.6807046	1.943269
60	-1.8805246	-0.33874476	0.6772278	0.027035058	0.58366734	-1.9958664	-2.2240114	-3.0515022	-1.3518167	-2.0539825	2.2095382	-0.6850945	-0.88565356	-1.8077035	-3.1323323	0.6580223	0.07052269	-0.39293778	-2.7131636	-1.050633	3.349162	-1.3367674	0.09266892	-1.7593075	1.4364424	-1.1295737	-2.1990685	0.536277	-0.93485355	-0.23193605	0.5177918	0.6600059	-4.905302	1.1388307	1.5812644	-0.74420047	0.22235517	-3.2114735	-0.7899023	-1.299147	1.094303	0.90003705	-1.5019971	-1.4171479	-0.7009776	1.8321869	1.6497041	2.6529553	1.3681157	-2.9675846	0.91920227	-2.3246155	1.8005579	0.6106128	2.0356314	1.4089446	-1.8136611	-1.1715775	-2.7447047	-1.8616941	0.9193351	3.2527661	-2.4622667	2.2938974
61	-0.772547	-0.7118905	1.8607901	0.004330328	-1.3635361	2.0467057	-0.8248183	-1.3409404	1.5033532	-0.9763038	2.2120082	-2.22941	-1.5231035	0.12597303	1.1575416	1.3546567	1.7083117	-1.9657325	-0.61380213	-1.7460963	2.4690154	-4.669808	-1.3975499	-2.2543724	-0.67609936	-3.3662198	-2.2597191	0.21762769	-1.1011733	-2.663341	3.3653512	1.7992417	-0.8217122	3.0645802	-0.39374754	-0.8832941	1.2845325	1.5438442	-1.0197349	0.41930825	0.7263743	3.6069186	-0.1831	-1.9068655	0.53869736	1.3174068	-0.64743584	-1.1998926	-0.518975	-0.9629904	-0.7295474	1.8869922	-3.9901638	1.9123527	0.75230175	2.406716	3.3164518	0.3984326	-1.2317486	0.34348485	-0.24321726	-0.25641647	-0.003824864	1.1050019
62	0.029185541	0.25350866	3.1560664	-0.75198126	2.3222535	-1.3312074	-1.4486784	1.3278462	1.5711524	1.2716608	0.40440813	-2.1740425	0.64086515	1.2842737	-0.72939694	0.51716894	-1.7419822	-0.63469744	2.0433128	-2.5060482	-1.4977204	1.0228583	-0.38909602	3.0953634	2.8189225	0.18376923	1.5586926	2.136494	-1.2695363	1.6522135	1.4463528	-0.52785975	0.50400996	1.0615748	0.303326	2.5181222	1.6552418	4.479307	1.1616001	-2.2420735	-3.6067977	-2.7406495	1.5208341	-2.2919145	2.597617	0.6181771	-2.0274334	2.615092	-0.95755124	3.728405	0.84506	-2.0380187	-1.0756735	-1.4915704	0.21638206	-2.0393417	1.5857713	2.068446	2.1910026	0.7143327	0.26841056	-1.8684082	-1.43432	-1.0362973
63	2.7772844	-0.3304912	-1.97415	0.6056872	-1.015703	-1.0712548	-0.73297364	0.030418936	-0.29874203	-2.8118432	-2.7355752	1.2853184	3.2876894	-0.573165	-1.9314963	2.1061199	0.7984234	-0.21627414	-1.7056113	-0.12174874	0.5817376	2.492468	0.27180228	-0.8126918	1.6741536	-1.1162028	2.217125	-2.4492304	0.19559938	-0.13690284	-1.1248866	0.6435239	-1.4427035	1.2575105	1.4346746	-1.27393	0.23892964	0.17806853	-1.2353728	-2.814176	3.1099408	-0.7994501	-1.1365193	2.1139798	-0.8395449	1.6514419	2.8814723	2.0584948	1.9981334	2.0164993	0.47948837	0.6637711	1.4113243	0.67652863	0.674124	0.989346	-3.6739428	1.5524632	-0.2787156	-3.6630068	3.0529397	1.6994945	-0.40395555	-1.4742503
64	-0.8482389	1.6591973	0.6895836	-0.8069975	2.0248477	0.48484385	-0.9464824	-0.6224199	0.8619436	1.1810513	2.3575854	2.2376008	-1.9683695	0.34265894	1.6043917	-2.3641026	-0.22682956	1.4353247	-0.61003155	0.86862195	0.7752796	0.4164873	-2.1765273	-3.4228516	0.32763132	0.1252663	0.5195003	2.5964918	-1.6043032	-3.8808582	0.72566205	1.8581915	-0.39031494	0.28756166	-0.57991016	0.5794602	2.0456	-0.3617742	1.1528881	2.5706851	-0.08725989	-2.4089024	1.1517838	-0.24474686	-2.90119	-2.0310638	-1.2629818	-3.9068344	0.2428374	-1.0940481	1.8105855	0.04629135	-1.9919153	1.0851066	-0.2187549	1.3185742	2.953719	-0.16526547	-2.3332148	0.7628223	-2.550642	0.40446347	-1.421421	-1.0572052
65	-0.115398794	-1.7096508	-2.3027396	1.1767364	0.7099612	-2.743148	0.8492265	0.8135509	-1.3990549	0.47249958	2.2162404	0.13759239	-1.848341	1.9446924	-0.6621187	-0.30307332	-0.90772825	2.0774572	-2.2392988	-0.35273114	-3.7318866	1.5594112	-1.5876836	-0.1253485	-0.3973305	1.2884175	-0.5556891	1.441016	-1.5940512	-2.4854467	0.48970798	-2.9630642	1.4189925	-1.6091273	3.5544868	-1.775428	-1.7368678	-2.4286995	-1.5415099	2.3226116	-2.3561423	-2.6922078	1.1556945	-0.6700532	-3.1762977	-2.4519522	-0.5434391	-2.2358065	0.038495198	2.1455932	-2.702841	-0.62194073	2.4655375	-0.8853423	0.073035814	1.1561989	-0.027708605	1.0594878	1.421822	1.2254885	-0.69339335	2.962011	1.5317572	-1.0217699
66	-2.7105267	2.5479374	0.97610927	-2.6242838	-0.6569476	1.8781884	2.824709	-2.9473555	-1.2531524	0.40469328	1.5403999	-3.8007772	-2.3240237	0.28117788	-2.6152205	1.4303602	-0.95888674	1.266399	-2.3568738	-1.3387357	-1.0601866	-1.8584195	2.4705799	1.2066859	1.2151084	0.9504302	-1.8149992	0.73690563	-0.6944548	-0.96939594	2.1127625	-0.61278963	0.30455697	2.5401654	1.5384355	-0.24200094	-1.3283483	-0.90466213	-4.0731773	-1.8469666	-1.3017646	-1.9962497	0.96721184	-0.29296282	-1.1389679	1.0387679	2.1924374	-0.28220904	-1.5818021	-2.7608304	-0.93825406	1.1680907	3.3119483	0.67069197	0.5237708	-0.42954496	-2.44031	-1.5470899	-1.7827752	-0.71075445	-1.3305959	2.3183994	0.3235347	3.0236032
67	0.22458367	-0.25060892	0.32668108	0.7623926	-1.769388	1.1293912	0.5668429	0.17811342	-1.3727727	-1.3087709	-0.3717343	-0.16581124	0.12705584	1.5183829	-0.59336084	2.3470948	-0.40871322	0.8245386	-1.9445798	-0.2259555	0.04052956	-1.4605707	-1.7706703	-2.5265732	-1.1176281	-0.9137368	-0.59889704	-1.693661	-1.9211477	-3.6001678	3.4433107	1.1294806	2.7131538	4.369519	2.5468378	-3.3106365	2.3888063	2.2037115	-2.7230837	-0.03686798	1.9678186	-0.8769385	0.8255844	-2.570517	-3.035623	-0.7852722	2.3019838	-4.137435	-0.93950945	-0.5012905	-0.3404238	3.5877037	-1.5704306	1.4111835	-0.45988798	-0.9469788	0.65760183	2.1760814	-3.1979587	-1.9557514	-2.6062553	-0.71351755	-0.48288175	-0.501743
68	1.6239364	-0.51535416	-0.19252917	1.1747042	-1.6674885	-0.36485526	-0.90193766	1.0513852	1.1167315	2.0404093	-1.911906	-1.3589896	1.1469301	1.7599652	-2.8494818	1.623913	0.82558733	-1.9534274	0.54839	1.5355073	-2.4435773	1.5827248	-1.8387398	-0.20437664	-1.5603436	1.8178649	2.7216744	1.4518535	-1.8299956	0.3495095	-2.051453	-2.4257648	1.0412896	-1.0875654	-2.0718694	1.2788912	0.38651377	-0.77928567	-0.47084582	0.3567303	0.47170016	0.5953248	2.2636068	1.0149934	0.064690925	2.4945254	-1.8377784	2.9574678	3.5430489	3.4375167	-3.08063	-1.7691139	0.56403136	-1.0524714	-0.6512918	0.77025986	-4.2100544	1.4802406	-0.6583618	0.62378764	1.1256846	-0.7294903	2.0353134	-2.5962605
69	1.2493647	2.0019703	-1.5223147	1.8827695	1.0332576	-1.8939735	-0.8899692	-3.212275	-0.8125137	-1.1773528	-0.765215	2.640847	1.0845305	-0.20833403	-0.08278442	-0.6486132	-0.9504443	-1.8687772	-0.5482782	4.2060337	0.09443347	2.578581	-1.4132107	-2.2232594	-0.7218156	-0.6052143	-1.8742415	-0.9833585	-0.9832944	-0.6169986	-0.39597222	3.025068	-2.9656816	3.1101325	0.58437884	-0.32945734	-0.6882683	-0.92068034	2.6476905	1.2560514	-0.5850561	-3.0841017	2.014071	-2.2863772	-1.2519325	-2.2975585	3.3308752	-1.2245982	1.1394553	-1.4659855	2.21064	-2.5352416	2.1971958	1.3932148	1.110374	-2.6779218	0.053054444	-3.3886073	-0.73135746	-1.5697156	0.83496696	0.64114344	-1.6374223	0.46382296
70	1.0422121	-1.831884	1.4050152	-0.5625475	0.8873518	0.5792399	-1.0229971	1.5765952	-2.0599322	-1.5448608	-2.191024	2.744426	1.7795949	-2.8859172	0.6078252	-1.8399979	-0.34988478	2.724415	-0.46954307	-1.3187451	1.2993906	0.97684395	-1.1222342	2.4003592	0.07322112	3.0220618	-0.02003119	-2.765398	0.3652574	1.489623	-2.3422348	-1.4095492	1.0646551	0.17157717	2.0954108	-1.9586481	-0.36110026	-0.15603136	2.0771527	0.5623636	3.1262531	1.6639432	-4.097017	1.2728655	0.42941928	-1.516582	-0.7410973	0.50506437	-1.1064162	-1.6974561	-2.2036393	0.752177	-0.22894743	-0.33069417	1.3156749	-0.6579958	0.43496478	-1.0210556	-0.9998642	-0.67240995	-1.9616632	-3.2928073	0.79860806	-0.40011814
71	-1.9153345	2.3493648	1.5796771	-0.24196336	2.3925154	0.97287	-1.8829633	-1.8701395	1.0333894	-1.5964309	2.940268	1.89789	-0.48182875	-3.7189186	-2.4639785	2.9691195	-1.4279002	3.3369737	-4.238544	-3.0728273	1.7760223	0.9572529	-0.5203935	-1.2017598	2.7266028	0.32653925	-1.2327088	1.4344952	-2.9919653	-1.9876491	-0.4374684	0.31420368	-3.27885	1.3255411	-0.57063794	-0.2813428	2.500057	0.3482073	-1.689575	-3.2184963	2.6043575	-0.017582627	-0.25503385	0.13268933	-2.3563292	1.6405292	-0.153252	0.82808596	0.023507029	-2.200494	0.8276894	0.93197733	-0.7497412	3.6138654	1.7241449	0.60714513	-0.245555	1.1150008	-1.1868908	-2.1152053	0.8721297	1.8457874	-3.6169105	-0.27120462
72	-0.33118498	2.7022789	2.7390583	-1.2132967	1.4167856	2.2946427	-0.7259205	0.67600626	-2.7963295	-1.391301	2.1898851	0.18381217	1.507683	-3.1699367	-2.3237317	4.404722	-1.2781075	1.5300585	-1.4039081	-2.5952613	-3.6161041	0.69258446	0.12041927	-0.06594012	-0.6861943	-0.543523	0.4844722	-0.09697361	-3.0064297	-2.2535708	0.6697833	-1.4411548	0.61064786	0.7601646	0.41159928	1.0772986	-1.7934159	-0.7732474	-0.9778434	-0.32425898	0.48330018	-1.4144242	0.26895794	1.9288121	1.9862684	0.10076401	0.34190378	-0.62835556	-1.8001413	2.0632806	-2.130595	2.8154373	3.0817714	2.5119693	2.3136141	0.13846733	1.0146372	0.75413054	3.169452	-2.1312094	1.3099953	2.6470275	-0.07207436	0.87263346
73	-1.3487571	1.7023096	-1.2554712	-3.8043027	0.25710732	1.4998305	1.9145358	-1.0490243	1.5767547	0.94116974	0.6451456	0.5183422	-1.7456245	0.80601937	-1.5258279	-0.31277537	1.8317356	2.1906247	-2.465749	0.5916893	-0.51429594	-1.9440669	3.4930136	2.5611186	1.8810716	-0.70226485	0.20455816	0.38956514	0.5390739	-2.0474982	1.3597933	-0.06004553	-1.9986509	2.1947134	0.42600632	0.25849703	-0.8205342	-1.8875718	-3.692225	-0.41550744	-0.18993296	0.5417161	-0.058157932	2.6920016	-2.789009	-0.5054855	0.7016086	-0.5336729	-1.0391439	-2.735102	-0.6998402	0.79720753	2.47447	1.474665	-2.304277	0.056422453	-3.6385627	-1.3704529	-3.2165043	0.23682925	-1.7538939	3.0368721	2.0668344	0.12154385
74	-0.9953011	0.12140247	0.4157849	-1.9398885	-0.13130563	-1.8550168	3.483524	0.63797003	0.077413335	1.4318455	-0.711047	-2.8656833	-1.2392064	2.8337827	-2.524931	1.0973244	-1.4091932	0.51170206	1.2088981	-0.33531693	-0.80738115	-0.1890724	1.6764333	-1.3638886	1.6952561	-0.8776087	1.5750173	1.2241597	0.8077344	-0.8271755	4.0339684	0.18814668	-1.0883371	0.23576896	2.8792772	2.4481769	-0.079488054	2.676684	-4.325186	-1.360539	-3.314518	-2.3067837	2.5875187	-0.9962137	-3.040777	2.0941584	1.4997141	0.10648384	1.353306	-0.8814492	2.8893685	0.1376076	0.82835436	-2.6619837	-2.1419814	-0.9715124	-2.4077184	2.218334	-3.4881692	-1.49026	-1.9741523	2.9207864	-2.4469008	1.3530152
75	-0.42486936	2.623185	-1.6287628	-1.0970792	0.30814058	0.006422224	0.787249	-2.9839673	3.2810292	-2.0924191	0.47021472	0.21286525	1.1992121	-0.27287716	-1.5599424	2.5620594	-0.5667296	0.7517049	-2.1047976	1.9188391	0.7326668	0.982037	0.6258501	-0.025034614	3.9621637	-1.466985	-0.92895913	0.751271	-2.1761296	-0.24296735	-1.146192	1.6613473	-2.5514693	2.0598955	-2.4073927	-0.8400299	1.6485466	2.3918862	-2.8303583	-3.1611547	-0.29805547	1.5290184	0.919549	0.3471752	-1.6731049	3.1910915	2.2439287	0.46820676	-0.31512654	1.1768999	1.8381034	-0.31746036	-0.94963604	1.6785285	1.1882247	1.2619973	-1.9700996	-0.859912	0.3930152	-2.050623	2.8215044	3.6315112	-2.7851138	-2.339401
76	1.395662	0.49424705	-0.61542636	-0.8683816	1.674796	-2.7154927	-2.6030242	-2.3648007	2.9729857	-0.39789453	2.1297908	-3.4260437	-0.8930239	0.6459473	1.763444	-0.5528747	1.9812384	-3.4506404	-0.54202193	-1.7830046	2.163657	-1.4928107	0.5501335	-0.54912806	2.847564	-2.6443393	-2.649514	1.3727838	0.93545353	0.99437094	2.936231	2.7537425	-1.9156364	2.0348234	-1.6411738	-1.4069245	1.1225096	3.571946	1.089315	-0.050785825	-1.577428	-2.8352618	1.4312575	-2.4534118	0.7888057	-0.3484477	0.11890499	2.637747	0.891498	0.41382235	3.2840037	-1.7692181	-1.879034	2.4829369	-0.6010917	-0.6649891	1.793557	-0.30527034	1.2583739	1.1984072	-1.1405132	-1.3726156	-2.7626426	1.4806837
77	-2.2283623	-1.0877736	-2.1048942	2.5206282	-1.2601793	-1.002285	1.1033657	2.1377225	-2.1787605	1.1204221	0.16090323	2.0259852	-0.4967305	0.51110935	-0.8019953	-1.4654272	-1.2168553	0.74643904	-0.5028628	2.4776452	-1.4915495	1.6053493	2.2066672	-0.9745852	-2.0375752	0.90615356	0.67806953	0.68427503	0.615383	1.7711269	-2.207654	-1.2118016	1.9267446	-2.4124992	-0.19471353	-2.261145	0.8599593	-1.8876733	-0.43258765	1.7402414	2.3468642	0.79858035	-0.50758636	-0.5557555	-0.32114682	-0.8097312	0.7629581	-2.7729433	-1.418665	0.78498775	3.148261	3.2515013	2.949387	-3.3725314	-1.4855648	-0.9324531	-2.0761008	1.5455112	-0.8180034	0.20819391	1.0286468	0.7728112	-2.6646976	1.3146214
78	-1.1307372	1.8986938	2.568285	-2.4144714	2.2583592	1.0955747	-0.61718875	-1.8696102	0.86658704	-2.3081234	0.9345364	-2.4767447	1.6390402	-2.2124891	-0.24484357	3.385093	-1.3205854	-2.8253927	-0.44245154	-2.619173	1.5272294	-1.7284185	2.7418177	0.57773936	2.4867368	1.1586634	-2.9986815	-0.26429465	0.004603136	1.4481771	1.4374413	3.1370852	-3.8663645	2.6767805	-1.6539623	2.4272358	-0.31833115	1.6732589	-0.033911977	-3.901979	1.5714046	0.19180366	-0.902523	-0.9768245	2.6883228	2.314323	1.4856398	3.4110892	-2.9860191	-2.460135	1.4054545	0.28212044	1.918909	0.07951704	2.0331783	-1.3771508	-0.1328708	1.3706564	-0.58686095	-3.1102526	3.5826879	0.14015056	-1.0933695	2.61901
79	-2.1129	-0.7544166	-0.14206345	-1.1550871	-2.4720027	2.093816	3.473322	0.4195885	1.6342545	0.82472944	-0.06137476	-0.7012606	0.6970729	2.3290584	-2.782109	1.7964753	1.8862839	2.4068062	0.8446393	1.2937615	2.2775564	2.7395968	2.5855894	3.5839376	3.2116437	-3.5204473	2.2891562	-1.9603924	1.4093902	1.8458108	3.5302527	-0.46530128	-1.6245981	1.2914301	0.4114133	0.7368425	-0.7978617	3.232656	-4.3056083	-1.3833246	-2.566754	0.4125369	1.8720151	0.78354365	2.8046803	0.44678915	0.19154687	0.914485	0.33806318	1.4246315	3.3423898	-0.4845902	0.09619866	-0.039790113	-2.1086385	-1.5625433	-1.846248	1.7979271	1.0646958	-0.01048096	-0.041876003	1.6850989	0.25179335	-0.019838303
80	-3.244008	1.2861899	2.9675238	-1.57901	1.3426353	0.99403256	-0.689841	-1.1702725	-2.86608	0.48351178	2.881096	-1.1439002	-0.8189805	-3.0479264	-4.133905	0.45399398	0.85191876	0.3181336	-2.6675053	-2.1695206	0.43841454	2.0281274	1.4004776	1.8265074	2.840431	1.5304295	0.4528172	1.8955637	-1.7688975	-0.5099107	0.75922984	-1.2488428	-0.63408	1.8908854	0.47481418	-1.250553	-1.6148582	-2.3794796	-2.1098304	0.09452055	2.3523452	-3.1559246	-0.62470776	0.22143544	2.4837735	0.3634818	-1.1271864	1.7997338	-0.5914067	-0.40786436	-0.3529936	1.3127004	3.5699627	-0.059524298	1.7312281	1.2904372	-2.3735766	-0.0821165	-0.96003485	-0.92230976	-2.5633314	0.8409616	0.354036	3.1057606
81	-4.499788	0.19760984	2.385484	-1.0854183	0.24637225	2.9070437	-0.60736924	0.9079928	0.18853264	1.238354	-0.11956449	-0.9837526	0.45121273	-0.281868	-1.2280803	-0.2428102	-1.971512	0.30133283	1.5146201	1.3406348	0.3762717	0.0036959294	0.84115356	-0.32293373	-0.60489625	-0.50115234	2.2826798	0.09412988	-0.6301955	1.8682584	-0.68347245	-0.4048481	2.208666	-2.4818835	-3.4283452	0.6005262	1.3604051	0.17330298	0.40931755	-2.0596898	3.0079217	1.38056	-0.859015	0.4624885	1.6951079	0.29145783	-0.06823055	-0.49936724	-1.4128768	-1.3151045	2.9714892	3.5129435	1.048184	-2.024937	-0.035701495	-2.7216296	-0.28039998	2.7535493	-2.666991	-0.6353331	-0.41796514	-1.1214491	-1.4226617	1.8153384
82	2.293361	-0.75190216	-2.1331656	1.9012467	-0.45282716	-0.29210913	-2.9196432	-1.1358905	2.9883852	0.050005052	-0.57612056	1.9804159	0.14134678	0.61146235	3.4484243	-2.416493	1.7295201	-4.3211412	1.3849514	1.0433217	1.4798473	-2.6398365	-0.21053915	0.09643878	0.26922488	-4.30692	-0.17749451	0.22960262	0.91081923	-0.24278018	0.5693673	1.9656699	-0.068015225	2.9451933	-3.5112972	-1.943896	1.4217592	1.2037402	1.8820082	2.9773786	1.6813049	0.28774574	-0.63913226	-0.67346674	1.2390723	-1.9021326	-0.033431824	-0.4349301	-1.8021463	0.24794641	1.6210748	1.123995	-2.211528	1.250456	-1.232218	0.1488989	1.811187	-0.25379547	1.1802115	1.6337126	0.51415443	-2.5717595	-0.5020906	-0.36327913
83	-0.21924242	-0.4105455	1.936029	2.213942	2.2162445	-1.6368595	-1.3426579	-0.32021427	-4.004921	-2.366522	0.14396538	1.4873936	1.0597521	-3.4061139	-1.0232084	2.1807842	-1.9676924	1.0658888	0.23212631	-2.1144292	-1.0551451	0.005452097	-1.6682194	-0.7390933	-0.27933463	-2.0854897	-1.641956	-2.855747	0.19490688	-2.2719443	2.9267616	-0.02642726	1.2012869	0.61396235	2.5343637	-2.071758	-2.3623905	0.57824975	0.057658777	0.7684592	-0.80813843	-3.5706067	-2.1538994	-2.2178872	0.2806204	-3.0615788	1.6203861	-1.614358	-1.3931464	-2.3029385	-1.1673815	2.7696733	-1.2346017	1.3172543	1.6285493	-2.121588	3.95738	0.9026632	1.085604	-1.9974161	-2.3915663	-1.3387815	-1.3125883	1.3591721
84	-1.0346267	-1.8013155	2.1493502	-0.5694842	0.43262818	-0.19494523	-0.615802	2.2175632	-2.728383	0.27146998	1.8543965	0.12397183	0.018810673	0.0712495	-2.459974	-0.63777995	-0.3552631	1.7829432	-2.2186959	-0.56320244	-1.5157975	1.76652	-2.0374413	0.7777585	0.71543264	1.9476359	1.7892079	0.9911495	-3.662249	-2.3902354	0.32591054	-2.9946308	1.7805523	2.1288662	3.1976097	-2.5504944	-1.1098084	-1.4795415	-1.2601781	1.7962264	1.9351608	0.12339383	-0.42129526	-0.73351586	-0.65811974	-0.53921515	-2.0020347	-1.6296275	-0.5963314	3.3587878	-2.3734555	0.2863949	2.6436458	-1.4859675	1.36093	1.7040431	-1.0355273	1.5582287	-1.1728771	-0.24912372	-1.0561453	1.3008509	1.2457652	-0.9577557
85	-1.53168	1.3973466	3.3066313	0.17822133	-0.47896904	1.6882911	0.5094337	0.18532729	-3.1077235	-1.6227472	1.3017169	0.19979993	0.74507374	-1.7321954	-0.68212533	0.6419859	-1.3980384	1.0860748	-0.08430081	0.94137436	0.25174156	1.1932309	-1.7539852	-0.8442057	-0.37484676	1.3736478	-2.2156885	-1.3040625	-2.481419	1.2605349	1.3858192	1.3890411	1.53055	4.781678	2.31688	-2.4791923	1.8817486	3.3166375	1.37053	1.8595417	0.36250395	0.94171494	0.1863779	-4.199102	2.0613499	-0.083082005	1.1880672	-3.2159307	-2.141987	1.1779543	1.4381832	1.0065022	-1.3669065	-0.10837183	1.6810976	-1.5908592	3.098922	-2.6408055	0.016198177	-1.4957813	-0.75715536	-2.1113071	-3.0828595	0.30597526
86	1.3533099	2.7276344	0.43563405	2.9684436	0.13410527	-1.894742	0.67530304	-1.7864206	-0.58913445	-0.91641086	-1.2723961	0.7984933	0.87925714	0.32679784	-2.6232355	4.513319	-2.5361419	-2.5169086	1.2419467	0.32396054	1.404587	2.1995456	-0.5041196	-2.3384202	1.2283317	0.2581236	-0.3394642	0.60017276	-1.4352185	1.2756058	0.6070086	1.8937747	-4.627257	3.0518253	0.113018714	2.3012884	0.7990683	2.4568608	-1.635511	-2.1381617	-0.7885353	0.44324335	1.525083	-2.1613648	-1.3908627	3.03697	1.9746993	2.1501398	1.0091982	-1.670314	1.9097399	-1.7052257	-1.1487769	-2.1814604	1.420192	-1.0139973	-1.913988	1.6395792	-2.0781746	-2.6788256	1.2377138	1.2877547	-3.7209904	0.86935896
87	-0.21508618	-0.033102486	-0.12544362	2.2530522	1.5632827	0.18116887	-1.7972753	-0.62578166	0.30080524	-0.48762926	1.6791366	3.0815725	0.29743454	-0.40920988	-0.1561435	-0.13069667	-1.30931	2.9864972	0.014272789	-0.925288	1.9038625	3.0506036	-1.6650912	2.4786015	2.5162349	-3.394695	0.15374392	-1.4241369	-0.33382383	1.166355	1.416494	-1.6703643	-1.3726969	0.43846413	1.2285364	-1.4920385	0.6869144	1.8265496	1.1787636	-0.16762453	-2.064206	-2.0533729	-1.598197	-0.18596643	0.98008317	-3.4084046	-0.72442186	-0.7109804	-0.5714254	-0.7857638	1.7585257	-1.1636276	-1.9063073	2.2877438	0.6734185	-2.722842	3.5858717	1.2722471	3.0992131	1.4079887	-1.6554887	-0.4302328	-2.4148417	0.20606774
88	-1.8738595	-0.22246473	3.1895716	0.16854785	-2.2302032	0.8986147	3.9294012	1.53694	-3.01497	2.202002	1.121542	-1.9913853	-1.4790577	1.6028383	-3.7920306	2.0564857	-0.011564869	1.011892	1.1600442	-0.80300826	0.8844857	3.378491	0.20433004	0.61148924	0.7154031	-0.0018610342	1.9268538	0.4393114	-0.18696229	0.7038653	4.127059	-1.5041779	-1.5306721	2.2131462	4.5590024	2.3436708	-1.5345935	2.0423625	-3.3764162	0.5384419	-3.3236208	-0.54002744	2.6632798	-1.4737993	2.8500528	0.956376	-1.5017316	0.036026947	1.8341802	1.5213025	0.8890042	-1.0627278	0.9581127	-2.5753584	-0.10015698	0.18438613	-0.25720558	1.1909436	-0.18865988	0.2387032	-1.7025841	1.3793344	-0.18284152	2.9873114
89	2.214333	0.948755	1.196146	-0.0437526	1.1036774	2.813687	-2.2170577	0.11052212	3.8188362	0.74374765	0.4238068	1.7175671	-0.9306633	-0.48675326	2.3802667	1.9604043	0.014014122	-0.7669165	0.61863935	-3.8671567	0.4977608	-3.3079815	-0.88079447	1.3096714	-0.4789205	-3.9531546	0.33151072	0.24694765	-1.174983	-1.2434369	1.7466431	-0.5710662	-2.1622016	2.2057197	-1.9988695	2.6679318	-0.5618294	1.8505638	0.8003054	-0.020010207	0.10454618	2.925571	-0.33934227	2.7331386	0.3896992	-1.6253321	-2.20302	0.38706577	-1.079146	-1.2560672	-1.7284697	1.3790742	-1.5957278	3.5709991	0.55696416	-0.85599536	3.3037512	2.6750872	3.0374558	2.273049	1.1003168	-0.74590236	0.5361959	0.53079325
90	-0.32129323	-0.815844	0.46715763	-1.6180217	2.18836	-1.2575223	-1.9764137	-0.8741828	-1.3942722	-2.710182	-0.49362594	0.9648709	2.9048967	-4.3003244	-2.9550786	0.45845234	0.42835876	0.9241161	-2.8463156	-0.98704785	-0.20179804	2.5252898	-0.14426425	0.6778693	2.9775941	-1.0831854	1.1709037	-1.6795754	-0.9474267	-0.3708551	-0.8853722	-0.63301563	0.4859607	-1.0852919	-0.7021063	-3.2892644	-1.4190911	-1.0867169	-1.2324959	-2.2832015	3.43931	-3.3539913	-2.3948994	2.2326837	-0.20481808	-0.41855186	1.6294612	2.3340611	1.5060197	0.7719372	0.2153192	2.8153844	1.2659137	1.4786963	2.3710344	-0.0738088	-2.0003495	0.577434	-0.0317467	-3.2308042	-1.9045178	0.7761618	-0.8688933	0.13564733
91	-1.2328856	1.781746	0.17376268	-0.20729494	-2.0530708	2.2312093	1.148851	-3.3954418	2.8457155	-0.55682975	0.83363515	-3.3079262	-1.0924501	0.7476336	-1.6099432	3.7531562	-0.93206686	-2.094706	-2.4581304	-0.69322807	0.7402931	-2.0510175	0.36253253	-1.1244764	-0.029501243	-0.016848298	-2.507167	0.27181962	-2.2689521	1.2980475	1.0247786	1.1430929	-2.1227438	3.870639	-1.3329861	-0.18613812	1.9954631	2.3955624	-2.6527405	-3.420422	1.5471214	2.9486172	2.5330958	-1.273577	-1.7636247	3.0629349	2.2290647	1.4546443	0.5958813	-1.7517447	0.6540918	0.4798099	1.0131859	2.2369823	0.7038174	-1.3228556	-2.526972	-0.03131745	-1.9446838	-0.9306466	2.176953	0.7087481	-2.0571792	2.17196
92	0.26389736	-0.9019878	-0.13371186	0.1298876	0.29288903	1.2082615	-1.3974943	-0.85084355	3.7091298	0.91457283	-0.59704727	0.3570847	0.074356616	-0.061247274	-0.7648022	-0.072190486	-0.6522071	-0.17791466	-2.9334037	-0.5217754	0.8996066	2.0473316	-1.2307122	2.8117902	1.0967332	2.5510132	-0.37426767	0.28644478	-2.314801	2.7611027	-1.6770587	-1.4062604	-1.8174946	2.172167	-0.18710057	-0.07460439	1.2573318	1.4682512	1.1251066	-2.666772	2.5945232	1.0547901	1.2763215	-0.0057623927	-1.0586156	-0.85457957	-1.6040246	3.472463	1.3291875	-0.091306336	-1.1768893	-2.7167184	1.7027912	1.6623576	0.03008026	-3.0080335	-3.0385702	0.30138156	-0.62863445	0.8984286	1.065127	-2.436137	0.62163335	-1.0727727
93	0.96040255	1.5062077	0.87708217	-0.44102	0.9928995	1.2007447	-3.595322	0.13071288	1.2215956	1.2420236	1.5854968	4.084138	-0.36056402	-0.427419	-1.1486723	-0.7172463	1.498923	0.66700757	-0.16892478	0.09339201	2.211884	0.15308274	-0.5981176	1.6260711	0.9333991	-0.91211313	2.1089928	1.8237201	-2.0371041	-0.30508533	-1.3995928	-1.3913219	-4.065811	1.9958718	-1.4897768	1.642022	1.2636021	-2.2906299	1.7608905	2.683982	1.1247865	3.64675	-1.8781595	3.045149	1.0416409	-0.31582856	-3.048253	1.282032	0.78833926	-0.074278325	-0.80476123	-2.539481	0.5041215	1.1173663	0.41203022	1.259278	-0.8533643	-0.3961584	-1.1294588	2.0811944	0.070267074	1.0156422	0.20534022	-1.1907674
94	3.1955051	-1.0573434	-2.43248	2.820605	0.46087196	-3.694934	-1.728582	-0.9216602	-2.220704	-1.1727332	-2.32576	1.9969587	-0.2662235	0.5864614	-0.051656846	0.83605385	-2.2974904	-2.3402932	-0.5991888	-1.3388304	-2.3846762	-1.2946999	-1.0202107	-1.3334882	-2.9956148	-0.09948816	-1.7367499	-1.3935437	-0.30879444	0.34429324	-0.119640894	-0.6009423	-1.6171988	1.3451778	2.8556483	-0.233224	-2.2121444	-2.5736527	0.99791574	1.5824788	0.8755074	-1.9039953	-0.319549	-0.60473114	-3.3520226	-2.8209393	3.1104257	0.9819926	0.2533822	-2.6173384	-1.6119187	-0.30074003	4.4689255	-0.3076082	0.73132646	-2.963064	-1.3754457	0.88396186	-1.0497117	-1.1535536	-0.091011174	-0.024579298	-0.82372063	2.2511797
95	-0.30344972	2.6764376	1.4206822	0.41090718	1.6841296	-0.43200538	-1.0453923	-2.0089762	-1.7439091	0.6584291	3.3403394	-1.7724186	-1.0851835	-1.4511544	0.39444003	-1.2531842	-0.25931832	-2.288305	0.3996174	-2.166778	0.5537473	2.0067828	0.72700137	0.9900542	1.4580734	2.035121	-2.1256127	2.657603	-0.40818578	3.687314	-0.38624325	0.6314013	-1.3283496	1.8575872	-0.4067633	0.23246178	-0.56174624	0.28549486	3.2542114	2.1009464	-1.2402984	-2.4806972	0.5863726	-1.9409953	4.238886	-0.33317763	-1.3030422	1.5380394	-1.3671722	1.299667	1.5029372	-2.4942324	1.5753804	0.12194568	2.4212918	0.04246462	2.306238	-2.8518488	3.5432386	1.7528222	-0.4918113	-1.815134	-1.7741752	3.4064531
96	-0.46871367	1.4890699	0.5586458	-0.7653119	-0.99387234	0.8229768	1.4418156	0.50869256	1.0661685	0.21340242	-1.8451306	-1.7833169	-0.76201856	1.0890653	1.7011412	0.14787215	-3.0033126	-0.2814205	0.29290724	1.0835863	-3.3450165	-2.6896534	-1.4703152	-2.259546	-3.3700151	1.9554052	-0.49967027	0.3535809	-2.7593656	2.030604	-2.3169434	0.7919221	3.571799	-0.7602423	-2.207694	-0.22111835	1.2397816	2.0045266	0.8966144	-0.2516578	1.198748	2.562345	2.0331383	-1.3540819	-3.0396154	2.058578	2.4047809	-2.511001	-0.87312394	0.66954654	0.41138813	2.539376	1.1391797	-1.6925939	0.79193133	-1.9182099	-0.68486226	0.026449194	-1.1097367	-0.44523156	1.0470417	-0.84410495	-2.9130144	-0.7923896
97	3.03087	-1.8608993	0.38640893	1.861266	0.30908182	-3.0618904	-2.518261	0.4027508	-1.8783187	-2.0497324	-2.5151737	0.8712007	2.3185306	-2.1759522	-0.7562262	0.79125327	0.9970928	-3.89317	-0.8566942	-1.0943745	0.1856516	-1.138578	-0.72681224	-1.465199	-1.0867479	-3.06317	-0.20784616	-2.9349172	0.63032883	-1.2697576	2.1029513	1.3163215	-1.4215825	2.9436913	2.2155046	-1.2677289	-1.611929	0.5199086	0.3425751	0.11548013	2.6568377	-2.185553	-0.83521134	-1.2365937	-0.20713545	-1.0700122	2.0448763	2.341241	2.3534813	-0.64295965	-0.4399568	1.6548184	0.56854457	1.6923594	0.3824755	-1.4937725	-0.5430445	1.0314935	-1.4075049	-2.8342056	-0.82052666	-1.9678046	-0.58484465	1.6069734
98	-1.3032663	-0.46916476	3.7515836	-0.123765565	0.41564444	1.9235457	-1.9288163	0.24902141	0.37706307	-0.14292124	2.4570706	-1.0057194	0.69895273	-3.0707638	-3.3348255	3.1485975	0.73495734	-0.71539986	-2.8254385	-1.7464136	0.76069075	1.2262311	-1.3519312	0.44320422	0.3587087	2.1464367	-1.2556088	0.9966376	-2.885367	-0.35672948	0.58922833	-0.87974966	-2.8648794	2.5179007	1.1834221	1.2298276	0.84298635	0.629561	0.15175176	-2.073202	2.4613824	1.2746012	1.2328876	-1.7841157	2.1797338	1.9753318	-2.6755702	3.595711	2.0871627	1.2913783	-1.9127469	-2.2145236	0.71898276	2.2992783	1.5458844	0.29464126	-1.2412381	0.15485202	-0.41738862	-1.2946295	2.2657452	-0.4347876	0.5513388	0.09758414
99	-2.603082	-1.2233795	1.8759112	-2.7598948	2.0333104	-1.2315936	-0.35394546	-1.7131325	0.57073116	-0.7438148	0.99621433	-1.3029721	-0.60421073	-1.2039224	-2.610118	-1.2325273	0.2796345	1.7471571	-1.7506839	0.1587489	-0.907776	-1.5231639	0.19524348	3.2134001	3.641075	0.40371603	-0.75478774	1.8584098	-1.0811352	-3.034773	-0.039344843	-0.94798714	-1.2831969	-0.40134484	1.7816696	0.5152944	-1.9503851	-2.531492	-1.9389305	-1.8059909	-2.548196	-1.29137	-1.2302165	-1.1634636	0.058628816	1.6598376	-0.5659061	2.0772815	-0.7379878	0.11548641	-2.402333	-2.414796	1.4925969	-1.2310821	0.9719312	2.7139058	-2.267915	-2.2633052	-1.3829141	-1.2801669	1.5815843	3.2267296	2.2137008	-2.0933619
100	1.4439973	0.09399129	-3.9125495	0.6989055	0.3044431	-1.4675894	-2.8911188	0.16958268	0.63496923	0.737015	1.2523072	2.1842444	-1.3789368	1.7808232	1.6698534	-0.5011983	2.1345549	-2.7380762	0.541268	0.19784866	1.4550302	-2.2884243	2.7425623	-2.6967294	-1.3779918	-4.4090247	-0.46434593	0.8978774	2.6538527	-0.50832313	1.5998816	1.5515271	-2.3893514	-0.48387185	-2.349348	-0.19325541	1.4512135	-2.6087904	0.009625709	2.824703	1.6295617	-0.72737986	-0.73879987	1.7977571	-0.9942473	-2.6617634	1.0246505	-0.56671757	-0.24621907	-2.9840221	3.880974	1.8544168	1.070939	1.0281111	-2.7579718	-0.76515627	0.37679577	2.0972853	-1.6480485	1.2151841	-1.2268565	1.1605659	-1.4177337	2.6171052
101	4.226044	-1.7784221	-3.2049532	-0.10474834	-0.48199195	-2.2785673	-1.7622237	-0.46399418	0.43958423	-1.8358717	-2.295291	0.09006234	1.3729554	1.3993101	0.83385473	-0.3900246	1.5337421	-2.6179888	-2.0202863	-0.21595627	-0.27544552	-1.146674	-0.15507513	-2.0488737	-2.076968	-2.662356	-0.6325562	-2.2928636	0.9992092	-0.79406476	0.61470014	0.87952375	-2.4553182	0.92176414	2.3948438	-0.11254488	-0.9325868	-1.7584991	1.1982307	-0.32633293	1.1175872	-1.7853193	0.16215196	1.9286507	-2.3886569	-2.1483061	3.0975287	1.6300496	3.0392802	-0.55668396	0.11071746	-0.4106854	3.2030811	2.511613	-0.3489113	-1.265821	-1.5411266	-0.016736558	-1.0397736	-1.4358649	0.54630595	1.1499783	0.90861565	1.3902406
102	1.5349388	7.292289e-05	-3.3049927	2.5404992	-3.1860406	0.12700097	4.305148	1.9127498	-1.326598	0.37504703	-1.3083181	1.7024939	-0.1032119	-0.7804256	1.3205303	0.612128	2.7379858	1.6878315	0.6988108	0.14536719	1.2349192	0.7738112	3.4025037	0.97100085	-0.39499938	0.004987344	-0.06366702	-1.1785656	3.6505497	2.8867118	-2.7316067	-0.51134545	1.0424486	-2.0011604	-1.0946008	-0.39509654	-0.9427302	0.79977274	-2.643273	-0.004025294	-0.17454197	2.952576	-0.95238954	1.4896535	0.9873084	2.0813932	-0.26688632	-0.74897844	-0.15361263	0.7365864	0.81748223	1.297282	-3.6112447	-0.6375359	-1.7071314	2.580348	-1.1244795	-0.086507015	3.3344991	1.0262735	0.45924136	0.26246902	-0.5156117	-0.24801807
103	1.672001	-2.7435722	1.3305771	-0.7997105	0.61477584	1.3400002	-1.3714057	1.2149374	1.120352	-2.264823	-1.7170336	-0.38680333	2.2476647	-2.5338736	2.7163863	-0.10971769	1.2973009	-0.87777835	-1.4220825	-1.7617699	1.821805	-2.1477232	-0.48662654	0.6999352	-0.7376041	-0.7078466	-2.5876355	-3.753308	1.5455575	-0.9543491	1.4216202	1.4336859	0.1807201	1.4626969	1.0333298	-1.0368494	-0.9727614	2.4171104	1.8981287	-1.7788237	2.585295	0.6248232	-1.9711217	-0.5660647	1.6001486	-1.7305967	-0.36092046	0.91901404	-0.7675639	-1.9484494	-1.9905908	1.8649368	-1.6655382	3.1088915	0.59492046	-1.5085611	2.8012543	0.18246768	0.58983403	-1.0613607	0.382474	-3.9171145	2.5700717	0.32979843
104	0.23946467	0.97539973	-2.55331	2.8227546	-0.93649316	-0.5421925	0.120367736	-1.953563	-0.53627276	-0.1569031	3.2193317	1.6036361	-1.9070749	-2.029973	1.879926	-0.3325681	3.11847	-0.24247701	-1.589394	-1.2638772	3.917882	1.3529568	1.9131992	-1.4217519	1.0529678	-0.23191963	-2.707394	0.94415396	2.5753903	1.142108	-0.46909592	1.6682881	-3.414684	0.1759564	-0.63138694	-0.818262	0.40472743	-1.6986845	0.62093556	1.6499494	1.229247	-0.12436932	-0.59965336	0.21133785	1.817499	-0.41045645	-1.1286155	0.1551869	-0.037267063	-1.8472611	2.0589209	-1.3334297	-1.2620597	2.221469	-0.46193913	3.2210846	1.1421005	-1.6377388	2.3614042	1.7685586	1.2905763	0.58363396	-1.3151575	2.3607633
105	2.2349432	0.21435405	0.5460954	2.184842	-1.8047049	1.5648527	-0.6848371	-1.7772852	0.8270688	-0.099081926	-2.1144547	-0.64569914	1.8174524	0.6554111	-1.6943797	2.127999	0.8205502	-3.5642664	0.09143416	0.2138901	3.1043904	2.786395	-1.9808892	-0.30961138	0.14886594	0.8937569	1.038867	-1.1272113	-1.431514	2.4785025	-0.26761663	0.38670343	-3.0157537	4.668985	-0.094679855	0.53950065	0.22517726	1.5476214	0.7197649	-1.6096905	2.5742784	1.2581375	1.4323105	-0.54097337	1.0136342	0.936616	0.103006594	3.3466434	2.6544905	0.31095353	0.1564368	-2.7867546	0.2627518	0.11546631	1.377121	-1.3351429	-2.3871908	1.0484369	-0.99951345	-1.138224	0.88554716	-2.741512	0.39699775	0.8029611
106	2.8220942	1.3920162	-0.61736757	-2.4589348	-1.1839964	0.193984	1.4834634	1.9199612	-2.4365945	-3.1594756	-2.450386	-0.9192118	3.450024	2.0379736	1.0867785	0.34589761	-0.054586947	1.3633534	2.4161792	0.8290776	-0.062980734	0.55802697	1.8472056	-0.50081074	0.94683266	2.1330888	0.7626064	-2.3201683	1.5389435	0.34811804	-1.6214191	2.1602247	0.6484582	0.7294683	2.793065	-0.35935637	0.60922134	0.5631543	1.3032817	-0.92704654	-0.57491475	1.6361719	-2.39914	1.171104	1.7627064	3.438459	2.9656765	-1.592263	-2.3212814	2.7290773	1.6456742	-0.034207135	1.0410831	-3.1405997	0.84369737	2.1454506	-0.03687012	-0.83370215	0.852899	-3.0840628	4.194385	1.781941	0.36797938	-2.3270545
107	-2.2588854	1.6495388	1.2536874	-0.86498773	1.4054482	1.4719552	1.7951589	0.32850054	-0.96800387	-2.9858212	-0.06320582	-0.32066837	3.1366434	-2.5739713	1.172935	1.7362279	-1.4800246	-0.15772866	2.0096374	1.9616241	0.78578734	0.9295124	1.5256474	0.46109965	2.3088539	1.2777783	-1.0714294	-1.8982164	0.74851334	2.3785508	-2.100821	2.4465988	1.555762	-1.0095224	-3.5859568	-1.7454703	-1.602279	2.168954	-0.007690202	-2.598334	2.1198583	2.5597224	-2.5165265	-1.181114	2.5447843	3.1269822	1.5556977	-1.2006097	-3.622353	0.21981992	2.166394	2.875106	-1.7295339	-2.7617548	2.7034981	-0.041014094	2.250005	1.2879308	2.5757055	-2.9822788	3.3693829	-0.50622344	-0.97442555	-0.6164758
108	-2.6652477	-2.0599854	0.1810458	1.4292291	0.42829514	-0.3157352	0.8549413	1.7410325	-0.87645906	1.3456429	-1.2159927	1.445818	-0.767938	1.9470047	-0.67573625	-1.0373353	-3.3623366	2.0765054	0.67129385	1.2423236	-3.1969156	0.38815254	-1.6780845	0.47292334	-1.4839077	0.7640196	2.9872825	0.06897218	-1.6126297	-2.6257474	-0.104782395	-2.5006595	3.4308012	-2.3025315	1.2800804	-0.5335659	-1.814814	-1.6872151	-1.0495381	0.472913	0.06633796	-1.1697413	0.37094414	-0.85798097	-2.6663098	-2.1137412	-0.19594023	-3.3632257	-1.8996853	0.4513153	-1.3325403	2.0504923	2.943098	-3.6718833	-0.11656254	-1.5315181	-0.56324965	3.528164	-0.6419087	-0.13553903	0.26697156	1.162098	1.0437928	-1.3130138
